household_id,area_id,name,address,phone,email
1,16,"Romola Furniss","948 Blackbird Avenue",699-768-7759,rfurniss0@gnu.org
2,16,"Elsy Cellier","895 Talisman Road",384-171-0217,ecellier1@about.me
3,13,"Irving Kirtlan","70 Transport Pass",687-858-4295,ikirtlan2@who.int
4,3,"Cleo Posner","49 Southridge Hill",801-177-6871,cposner3@economist.com
5,13,"Woodman Gerty","00664 Amoth Street",398-761-2636,wgerty4@diigo.com
6,24,"Glyn Ludvigsen","77 Coleman Pass",280-886-9710,gludvigsen5@usa.gov
7,18,"Juan Smickle","3 Arizona Street",853-268-0315,jsmickle6@netscape.com
8,4,"Parsifal Deeble","24576 Maple Place",808-845-1675,pdeeble7@usnews.com
9,13,"Emmett Phillott","713 Bowman Point",412-455-5079,ephillott8@wisc.edu
10,29,"Ursa Palombi","15 Chive Park",746-278-2913,upalombi9@zimbio.com
11,22,"Minetta Lefwich","47967 Reindahl Pass",734-980-5736,mlefwicha@state.gov
12,6,"Dilan Skuce","338 Scott Park",480-637-6743,dskuceb@soundcloud.com
13,7,"Prue Rawcliffe","8 Ridgeview Point",801-925-2460,prawcliffec@boston.com
14,22,"Link Brend","043 Ridge Oak Trail",544-540-0934,lbrendd@sbwire.com
15,20,"Isabelle Venning","2403 Hovde Terrace",457-877-4912,ivenninge@auda.org.au
16,16,"Kristel Shurlock","451 Bonner Alley",239-320-3358,kshurlockf@cornell.edu
17,14,"Ermentrude Kiddy","3 Gateway Drive",400-609-9456,ekiddyg@nps.gov
18,10,"Jethro Tivolier","6253 East Pass",126-405-0876,jtivolierh@ow.ly
19,13,"Lilla Labbe","097 Debs Street",538-144-6698,llabbei@marketwatch.com
20,12,"Uri Boldra","64 Caliangt Junction",844-361-0590,uboldraj@cbslocal.com
21,28,"Wells Outridge","60344 Kenwood Way",756-375-4212,woutridgek@who.int
22,8,"Devinne Going","9 Ruskin Avenue",829-750-2841,dgoingl@quantcast.com
23,21,"Buiron Sandwith","30224 Schlimgen Pass",724-539-2521,bsandwithm@blogs.com
24,12,"Jorge Birtwhistle","3001 Northridge Circle",807-234-0411,jbirtwhistlen@mozilla.com
25,17,"Kaiser Dyzart","20 Rockefeller Point",621-173-1736,kdyzarto@cdc.gov
26,22,"Arv Dimanche","5153 Spohn Road",919-725-8433,adimanchep@google.de
27,9,"Saw Toffolini","07851 Waywood Lane",203-944-4389,stoffoliniq@europa.eu
28,6,"Reinwald Giorio","6 Truax Drive",223-964-3617,rgiorior@nymag.com
29,28,"Heather Dobbings","0 Sachs Drive",350-735-8860,hdobbingss@independent.co.uk
30,5,"Jonell Rigardeau","1 Hanson Street",391-720-8968,jrigardeaut@weibo.com
31,20,"Georgetta Artindale","958 Fair Oaks Way",809-697-4705,gartindaleu@patch.com
32,24,"Donnell Dwyr","25 Packers Pass",652-902-2974,ddwyrv@tiny.cc
33,17,"Tull Wisam","77530 Hoard Place",503-139-0585,twisamw@nydailynews.com
34,1,"Francois Shier","45 Fulton Crossing",562-715-7079,fshierx@friendfeed.com
35,29,"Beck Boreland","589 Upham Hill",245-875-4837,bborelandy@privacy.gov.au
36,15,"Anthe Nuccii","14137 Dunning Park",636-672-5137,anucciiz@independent.co.uk
37,26,"Barbe Dermot","470 Armistice Point",290-840-4191,bdermot10@bluehost.com
38,23,"Saul Eliff","34433 Messerschmidt Drive",219-543-0793,seliff11@amazon.de
39,10,"Sheeree Beven","245 Chinook Drive",786-423-4303,sbeven12@shutterfly.com
40,15,"Ronald Dzeniskevich","81 Orin Parkway",835-872-0304,rdzeniskevich13@163.com
41,3,"Ely Sleet","076 Utah Avenue",798-133-5652,esleet14@wordpress.com
42,8,"Otto Tocque","8781 Grover Junction",683-795-3439,otocque15@paypal.com
43,2,"Rudd Balden","399 Chive Way",665-150-9424,rbalden16@ox.ac.uk
44,21,"Gerald Paulich","00 Mallard Avenue",333-874-0553,gpaulich17@spiegel.de
45,29,"Austin Montford","59929 Marquette Court",250-883-8261,amontford18@soup.io
46,5,"Cyril Cubuzzi","7 Ridgeview Place",666-622-4061,ccubuzzi19@nytimes.com
47,4,"Tatiana Bassill","637 Amoth Crossing",294-271-6636,tbassill1a@posterous.com
48,20,"Sigismundo Casiroli","4 Dawn Court",496-581-5728,scasiroli1b@hibu.com
49,15,"Lizabeth Bucky","8748 Doe Crossing Place",110-180-8131,lbucky1c@bloglines.com
50,5,"Eada Jealous","366 Talmadge Way",155-578-4928,ejealous1d@statcounter.com
51,14,"Sena Tammadge","11727 Washington Junction",270-230-5587,stammadge1e@last.fm
52,4,"Vivianna Pirazzi","4273 Debs Drive",660-749-1502,vpirazzi1f@paypal.com
53,27,"Cathrine Olive","11 4th Hill",975-396-8034,colive1g@dyndns.org
54,3,"Isaak McRonald","66340 Moulton Place",755-878-9448,imcronald1h@plala.or.jp
55,8,"Pennie Madrell","8893 Dorton Point",306-630-5862,pmadrell1i@photobucket.com
56,23,"Lazar Rosenstock","183 Farwell Junction",306-206-1187,lrosenstock1j@ocn.ne.jp
57,28,"Desiri Cobello","013 Garrison Pass",125-541-8955,dcobello1k@bigcartel.com
58,19,"Kaja Kearn","832 Anhalt Center",484-350-0181,kkearn1l@webeden.co.uk
59,13,"Parrnell Ambrosch","58 Novick Park",843-502-5888,pambrosch1m@msu.edu
60,19,"Annie Garton","7 4th Drive",518-334-4570,agarton1n@scribd.com
61,23,"Gwennie Domerque","47358 Sage Street",531-240-7347,gdomerque1o@jimdo.com
62,16,"Ginevra Guisler","3 Myrtle Point",526-877-0728,gguisler1p@gizmodo.com
63,16,"Irv Muschette","00274 Buhler Center",452-740-6122,imuschette1q@pagesperso-orange.fr
64,15,"Roxine Nanninini","44571 Annamark Plaza",264-640-1824,rnanninini1r@51.la
65,7,"Ashlie Sicha","5284 Hazelcrest Way",496-754-8562,asicha1s@constantcontact.com
66,24,"Mandi Udden","5562 Redwing Point",147-869-1438,mudden1t@edublogs.org
67,8,"Jereme Norvell","75 Mcbride Crossing",443-609-8690,jnorvell1u@histats.com
68,2,"Beitris Smith","32616 South Terrace",713-602-5406,bsmith1v@bluehost.com
69,2,"Shaun Jendrach","92 Larry Lane",561-355-8246,sjendrach1w@google.com.br
70,26,"Ronnica De Caroli","40026 Mayer Plaza",801-364-3763,rde1x@google.fr
71,14,"Prudi Tuxill","09 Amoth Hill",262-118-7271,ptuxill1y@360.cn
72,4,"Rori Voyce","39701 Ludington Road",341-187-3889,rvoyce1z@craigslist.org
73,25,"Ali Shimwell","96 Brown Alley",372-110-1149,ashimwell20@gmpg.org
74,28,"Cly Jaquet","6 Holy Cross Drive",956-166-1497,cjaquet21@nydailynews.com
75,15,"Trudi Pemberton","852 Maple Wood Terrace",449-120-9395,tpemberton22@eepurl.com
76,6,"Xerxes Rhys","706 Mayer Circle",769-180-9737,xrhys23@slideshare.net
77,12,"Ceciley Aronov","16546 Miller Court",649-599-6405,caronov24@springer.com
78,29,"Marnie Bourton","9621 Luster Circle",149-193-5676,mbourton25@csmonitor.com
79,7,"Lindy Busek","752 Michigan Junction",973-599-5511,lbusek26@dot.gov
80,6,"Domingo Spatarul","08 Tennessee Place",615-209-3098,dspatarul27@cafepress.com
81,27,"Elana Blenkinsop","92430 Kingsford Circle",433-193-2733,eblenkinsop28@hc360.com
82,24,"Florry Danet","4696 Hansons Place",304-709-8363,fdanet29@opensource.org
83,26,"Avram Counihan","3 Haas Terrace",639-366-4547,acounihan2a@123-reg.co.uk
84,1,"Susan Bunce","8 Hansons Park",628-924-1052,sbunce2b@typepad.com
85,21,"Marcelline Dashwood","8271 Hauk Junction",984-845-1929,mdashwood2c@ca.gov
86,6,"Wendie Huckle","9549 Longview Junction",610-399-0083,whuckle2d@hostgator.com
87,11,"Guillermo Aland","57 Springs Place",832-884-7215,galand2e@tripod.com
88,2,"Helenka Larham","58183 Oriole Plaza",960-753-4333,hlarham2f@hc360.com
89,18,"Garwood Leathes","4510 Loeprich Parkway",363-493-9371,gleathes2g@google.co.uk
90,25,"Lib Sparhawk","948 Crest Line Court",108-674-8345,lsparhawk2h@skyrock.com
91,18,"Annissa Winspurr","7 Shelley Court",459-940-4906,awinspurr2i@google.com.hk
92,4,"Katy Girauld","16883 Rigney Point",321-509-0970,kgirauld2j@cisco.com
93,18,"Susan Boulding","54940 Novick Crossing",469-305-3318,sboulding2k@mozilla.org
94,14,"Krystalle Canniffe","05061 Darwin Hill",866-971-6648,kcanniffe2l@skype.com
95,3,"Georgena Claybourn","37309 Tennyson Trail",850-850-9304,gclaybourn2m@businesswire.com
96,24,"Holly Brazur","27 Clarendon Drive",255-567-0049,hbrazur2n@mac.com
97,2,"Andrey Tabbernor","9 Steensland Place",344-407-8410,atabbernor2o@chron.com
98,30,"Berne Casseldine","70 Brown Pass",198-651-4957,bcasseldine2p@hp.com
99,8,"Sam Rocco","89278 Roxbury Plaza",529-808-5033,srocco2q@umn.edu
100,24,"Ashlan Whymark","7 Loeprich Terrace",238-345-4772,awhymark2r@nationalgeographic.com
101,1,"Kaylil Wohlers","8563 Maryland Pass",685-364-5666,kwohlers2s@theguardian.com
102,14,"Julia de Leon","5 Express Avenue",843-561-7691,jde2t@spotify.com
103,21,"Wilma Jell","08409 Schiller Hill",714-612-1717,wjell2u@instagram.com
104,19,"Lynna Weathey","85 Birchwood Trail",237-433-3680,lweathey2v@fema.gov
105,10,"Dyanne Duckham","06 Laurel Center",371-981-8056,dduckham2w@so-net.ne.jp
106,7,"Isabella Newitt","63117 Jay Court",208-679-9520,inewitt2x@yahoo.co.jp
107,25,"Marybelle Sweeny","33 8th Terrace",843-451-1925,msweeny2y@github.com
108,22,"Rivalee Benitez","39498 Butternut Circle",150-496-9964,rbenitez2z@godaddy.com
109,28,"Sibby Voas","2379 Spaight Crossing",305-761-7124,svoas30@google.pl
110,19,"Kane Symington","14 Dovetail Center",539-179-9238,ksymington31@wikimedia.org
111,27,"Suzanna Baldung","02516 Merrick Lane",594-784-4882,sbaldung32@spiegel.de
112,3,"Elysee Jozsef","671 Drewry Alley",998-926-4675,ejozsef33@intel.com
113,22,"Elie Schoenrock","6 Schiller Circle",823-692-1884,eschoenrock34@samsung.com
114,18,"Dacie De Benedictis","4 Mosinee Place",140-283-5906,dde35@ow.ly
115,5,"Liza Stollwerk","252 North Avenue",623-346-5001,lstollwerk36@photobucket.com
116,23,"Bertina Marusic","56 Main Place",541-297-2028,bmarusic37@mtv.com
117,2,"Carrol Lisett","63 Almo Terrace",739-651-5439,clisett38@nps.gov
118,29,"Zared Labes","9241 Granby Park",559-224-8888,zlabes39@scribd.com
119,19,"Ted Pearmain","55562 Myrtle Street",179-210-7545,tpearmain3a@imdb.com
120,9,"Peggie Thomsen","744 Corscot Street",829-853-5480,pthomsen3b@weibo.com
121,22,"Lottie Djorvic","2560 Ryan Crossing",886-826-4872,ldjorvic3c@baidu.com
122,11,"Maggie Dimitrescu","50 Pleasure Center",680-990-4284,mdimitrescu3d@4shared.com
123,28,"Xylia Irvin","56157 Springview Circle",613-597-4202,xirvin3e@bluehost.com
124,28,"Kelcy Sangar","74149 Barby Place",942-140-3200,ksangar3f@multiply.com
125,25,"Carlota Abramski","0 Heffernan Lane",929-512-7601,cabramski3g@usatoday.com
126,7,"Dalenna Campanelli","46237 Luster Center",563-734-4401,dcampanelli3h@telegraph.co.uk
127,6,"Gris McGeraghty","44 Farmco Pass",983-224-7304,gmcgeraghty3i@is.gd
128,17,"Camile Jarred","93397 Dunning Court",660-298-5740,cjarred3j@jimdo.com
129,13,"Madge Sahnow","7734 Loomis Avenue",707-821-7912,msahnow3k@opera.com
130,21,"Bernice Jakoub","1508 Schmedeman Street",464-179-6641,bjakoub3l@sakura.ne.jp
131,11,"Rutter Hacon","449 Eagle Crest Hill",492-429-7244,rhacon3m@google.com.au
132,26,"Ewan Cunde","669 Kropf Way",235-917-5257,ecunde3n@prweb.com
133,25,"Maye Baulcombe","197 Meadow Vale Pass",250-467-3489,mbaulcombe3o@squarespace.com
134,21,"Carmita Simes","0 Crescent Oaks Street",386-807-5205,csimes3p@omniture.com
135,20,"Rosetta Greenshields","4 Rutledge Terrace",819-906-4626,rgreenshields3q@360.cn
136,7,"Jameson Balsdon","23 Merrick Pass",405-353-0779,jbalsdon3r@fc2.com
137,5,"Land Arnopp","94048 Annamark Point",148-746-4807,larnopp3s@purevolume.com
138,21,"Cloe Brackstone","89 Brown Park",585-207-2618,cbrackstone3t@jugem.jp
139,11,"Dorian Loeber","9404 Saint Paul Way",562-724-6567,dloeber3u@stumbleupon.com
140,15,"Madlen Piddock","198 Corben Junction",250-306-1991,mpiddock3v@friendfeed.com
141,17,"Vivie Lathleiff","217 Dottie Pass",796-277-1217,vlathleiff3w@github.com
142,10,"Archy Verlinde","59121 6th Street",474-139-7684,averlinde3x@cdc.gov
143,27,"Bertie Cossey","38 Grayhawk Hill",198-134-5970,bcossey3y@army.mil
144,2,"Llewellyn Ertel","1 Blaine Point",118-735-6678,lertel3z@de.vu
145,16,"Gerrie Shreve","8327 Canary Parkway",522-203-3683,gshreve40@barnesandnoble.com
146,14,"Bastian Fruin","6 Stang Circle",447-248-2739,bfruin41@hao123.com
147,1,"Chickie Gerhartz","85013 Del Sol Alley",541-355-2286,cgerhartz42@cam.ac.uk
148,18,"Karissa Titchmarsh","0601 South Point",270-484-9113,ktitchmarsh43@google.pl
149,2,"Luisa Straniero","6 Spaight Center",490-849-3564,lstraniero44@umich.edu
150,6,"Demeter Krolik","50 Pearson Street",392-567-0645,dkrolik45@wired.com
151,10,"Raphael Cannicott","30332 Scofield Circle",642-720-7505,rcannicott46@youtu.be
152,24,"Des Byrcher","20 American Lane",740-505-9650,dbyrcher47@blogspot.com
153,28,"Alexandre Baitman","5826 Gulseth Alley",847-897-4881,abaitman48@quantcast.com
154,24,"Ileana Stelli","208 Colorado Avenue",964-298-9028,istelli49@msn.com
155,9,"Julianna Waldren","36 Vermont Road",626-345-5782,jwaldren4a@dailymail.co.uk
156,5,"Bendite Pullan","32 Mcguire Center",738-589-1890,bpullan4b@quantcast.com
157,8,"Murial Wainman","6 Hansons Avenue",194-825-2530,mwainman4c@vkontakte.ru
158,15,"Ewart Kybert","77 Harper Center",312-242-3498,ekybert4d@umich.edu
159,24,"Lilah McGinty","361 Monica Road",654-734-9090,lmcginty4e@opera.com
160,10,"Sula Doughartie","23742 Kropf Trail",413-732-4709,sdoughartie4f@hexun.com
161,13,"Agnesse Penson","256 Vera Park",213-496-9251,apenson4g@sakura.ne.jp
162,13,"Gustaf Cottill","82598 Crownhardt Street",486-275-9184,gcottill4h@hud.gov
163,3,"Reece Vasnetsov","9104 Kennedy Junction",407-383-9728,rvasnetsov4i@so-net.ne.jp
164,25,"Vassili Lorne","43 Birchwood Plaza",619-747-1341,vlorne4j@51.la
165,10,"Cathryn Shyre","74974 Maple Way",361-845-0118,cshyre4k@virginia.edu
166,2,"Parnell Bamborough","96 Sheridan Pass",166-618-0789,pbamborough4l@51.la
167,3,"Aubrey Grinaway","2 Di Loreto Hill",689-424-7828,agrinaway4m@indiegogo.com
168,15,"Giuditta Skynner","64959 Valley Edge Court",735-228-2990,gskynner4n@netvibes.com
169,14,"Averil Stanger","846 Towne Way",940-553-6536,astanger4o@lycos.com
170,16,"Hodge Suddock","11 Debra Avenue",914-309-5550,hsuddock4p@creativecommons.org
171,7,"Cher Kibbe","09 Waywood Hill",617-669-4075,ckibbe4q@geocities.jp
172,14,"Neron Couth","34111 Acker Drive",458-830-3467,ncouth4r@shutterfly.com
173,20,"Ludwig Carlisso","5521 Mayfield Terrace",200-629-1070,lcarlisso4s@fc2.com
174,6,"Jerrilee Balding","88195 Hazelcrest Plaza",686-227-6043,jbalding4t@theatlantic.com
175,14,"Janina Moulin","388 Stang Lane",646-191-6634,jmoulin4u@opensource.org
176,6,"Nari Rearden","1360 Green Ridge Pass",438-252-1948,nrearden4v@techcrunch.com
177,3,"Derby Meindl","3 David Street",327-490-9693,dmeindl4w@issuu.com
178,3,"Jena Maraga","00 Crowley Crossing",620-511-9526,jmaraga4x@sbwire.com
179,4,"Barnett Cranmor","70660 Annamark Avenue",673-248-6089,bcranmor4y@slideshare.net
180,17,"Eulalie Skewes","3903 Johnson Lane",458-912-1434,eskewes4z@mozilla.org
181,6,"Axel Bushell","31 Dahle Street",652-400-2115,abushell50@scientificamerican.com
182,24,"Alfreda Pattrick","21458 Hoffman Avenue",361-952-8310,apattrick51@cnet.com
183,16,"Bruis Lindbergh","11 Division Crossing",424-627-1282,blindbergh52@istockphoto.com
184,2,"Nerty Arsnell","3077 Mifflin Way",397-791-6690,narsnell53@reddit.com
185,26,"Esdras Coker","8 Golf Trail",486-988-9704,ecoker54@dion.ne.jp
186,11,"Erie Saltmarsh","090 Beilfuss Point",926-443-4965,esaltmarsh55@wikimedia.org
187,13,"Gifford Haet","29 Rieder Trail",211-279-5885,ghaet56@pbs.org
188,22,"Estrellita Beswell","97 Autumn Leaf Drive",740-391-4933,ebeswell57@godaddy.com
189,6,"Jordan Gramer","3 Birchwood Court",393-316-1031,jgramer58@hibu.com
190,12,"Redford Stirgess","3 Welch Pass",988-782-2285,rstirgess59@ask.com
191,1,"Pearla Ibbott","6062 Cordelia Point",204-648-0658,pibbott5a@tripod.com
192,30,"Allis Bourner","30565 Merrick Terrace",451-804-5503,abourner5b@google.pl
193,21,"Alaster Girk","7266 Eggendart Trail",362-396-4510,agirk5c@ihg.com
194,7,"Tricia Abramovitz","144 Union Crossing",725-658-2774,tabramovitz5d@cdbaby.com
195,27,"Marketa Goodram","91 Mifflin Terrace",555-838-8972,mgoodram5e@issuu.com
196,11,"Ceil Bartels-Ellis","73 Bluejay Crossing",184-190-1504,cbartelsellis5f@prnewswire.com
197,8,"Buddie Selway","26 Harper Trail",408-809-8100,bselway5g@drupal.org
198,16,"Dianne Olyfat","9 8th Drive",917-172-5870,dolyfat5h@state.gov
199,26,"Berni Coulling","3159 Corscot Hill",911-107-0510,bcoulling5i@cornell.edu
200,4,"Willa Embury","95 Eastlawn Trail",860-752-1118,wembury5j@livejournal.com
201,10,"Sibylla Villa","7 Bunting Crossing",842-992-9539,svilla5k@de.vu
202,30,"Donnie Sodo","2 Superior Plaza",764-429-8401,dsodo5l@4shared.com
203,2,"Gustavo Ruddell","53 Kedzie Plaza",812-163-7070,gruddell5m@ovh.net
204,9,"Robinett Hasnip","81 Di Loreto Alley",650-383-7152,rhasnip5n@gnu.org
205,20,"Carolan Bras","253 Veith Lane",278-676-2735,cbras5o@is.gd
206,15,"Munmro Garraway","53 1st Place",758-727-9218,mgarraway5p@odnoklassniki.ru
207,22,"Kore Weight","3 Armistice Road",220-693-2097,kweight5q@mozilla.com
208,4,"Myrwyn Kneafsey","761 Spenser Crossing",601-657-0909,mkneafsey5r@spotify.com
209,4,"Iorgo Keitch","11088 Quincy Drive",777-251-2589,ikeitch5s@geocities.com
210,17,"Rudiger Hucker","5 New Castle Park",369-426-3490,rhucker5t@tuttocitta.it
211,9,"Skippie Hookes","72777 Hintze Drive",851-629-4263,shookes5u@kickstarter.com
212,8,"Tisha Colkett","14 Weeping Birch Court",196-194-4114,tcolkett5v@free.fr
213,25,"Koenraad Morrieson","634 Ilene Avenue",980-754-3594,kmorrieson5w@uol.com.br
214,22,"Arlan Staynes","0804 Pearson Road",646-440-3845,astaynes5x@g.co
215,30,"Jareb Deville","1118 Graceland Drive",910-461-3778,jdeville5y@umich.edu
216,13,"Cheston Bridle","24 Tony Way",259-984-8899,cbridle5z@de.vu
217,27,"Leland Date","676 Gateway Place",201-634-1415,ldate60@list-manage.com
218,13,"Susannah Hickford","22 Randy Parkway",805-705-8550,shickford61@bloglovin.com
219,30,"Devonna Breit","84 Armistice Court",852-726-7018,dbreit62@cocolog-nifty.com
220,28,"Bondie Thick","02 Corscot Way",299-873-8273,bthick63@angelfire.com
221,19,"Elka Dunbar","8830 Stang Point",832-821-9681,edunbar64@jigsy.com
222,25,"Taber Lukins","2 Holy Cross Parkway",228-465-4703,tlukins65@google.co.uk
223,15,"Conni Duester","9 Arapahoe Road",941-816-0038,cduester66@webnode.com
224,9,"Gil Morrel","6 Rigney Court",114-670-6819,gmorrel67@icio.us
225,10,"Loria Michael","37 Blaine Circle",644-455-4415,lmichael68@marriott.com
226,12,"Leonie May","10593 Muir Road",940-785-7997,lmay69@stumbleupon.com
227,6,"Bondie Bandt","3647 Loeprich Lane",958-119-8605,bbandt6a@wikipedia.org
228,12,"Kimberlee Ferne","31 Shopko Park",588-878-3681,kferne6b@blogspot.com
229,7,"Hailee Lambotin","2753 Steensland Lane",125-416-5170,hlambotin6c@odnoklassniki.ru
230,18,"Janey Adess","6 Jana Pass",513-672-4507,jadess6d@oakley.com
231,1,"Aggi Cannop","270 Crownhardt Park",199-318-6523,acannop6e@unicef.org
232,13,"Joli Giacubo","929 Acker Place",608-448-0415,jgiacubo6f@naver.com
233,20,"Kittie Waplinton","8909 Linden Point",864-570-7718,kwaplinton6g@mtv.com
234,4,"Rianon Cromb","3 Grim Road",741-261-9742,rcromb6h@blogspot.com
235,11,"Zilvia Gladding","2 Crescent Oaks Plaza",628-666-9562,zgladding6i@hao123.com
236,9,"Logan Attack","95564 Cardinal Terrace",176-821-2545,lattack6j@themeforest.net
237,24,"Gerta Sunman","2030 Gateway Point",601-180-1498,gsunman6k@blogspot.com
238,20,"Valentina Fausset","75 Hollow Ridge Street",613-381-7480,vfausset6l@rediff.com
239,25,"Patty Ranahan","79772 Havey Road",961-180-4789,pranahan6m@amazon.co.jp
240,18,"Derril Domenichelli","19736 Ramsey Alley",722-465-5589,ddomenichelli6n@wiley.com
241,16,"Leann Dotson","29348 Prentice Crossing",206-884-2522,ldotson6o@unblog.fr
242,7,"Cesya Husbands","184 Northport Street",439-915-1322,chusbands6p@skype.com
243,10,"Normy Hamshar","5804 Melody Alley",340-770-8832,nhamshar6q@aboutads.info
244,19,"Cassandre Bysaker","690 South Court",212-511-7201,cbysaker6r@instagram.com
245,9,"Marice Havesides","9 Meadow Vale Terrace",682-483-5877,mhavesides6s@hostgator.com
246,6,"Jane Andric","10386 Melby Place",217-535-8116,jandric6t@cloudflare.com
247,19,"Adan Cholwell","2 Heath Trail",522-944-8977,acholwell6u@earthlink.net
248,28,"Dilly Gamett","2233 Merrick Point",196-613-1459,dgamett6v@chicagotribune.com
249,30,"Link Lansdown","6798 Sachtjen Court",179-743-5787,llansdown6w@wikimedia.org
250,2,"Oliy Jeaneau","59246 Messerschmidt Way",191-615-3106,ojeaneau6x@usnews.com
251,30,"Julian Rundall","7542 Scoville Center",733-836-1113,jrundall6y@webeden.co.uk
252,15,"Gwendolyn Gerish","5081 Lyons Junction",831-725-3096,ggerish6z@cocolog-nifty.com
253,19,"Lorinda Stead","28 Arapahoe Street",511-152-8367,lstead70@pagesperso-orange.fr
254,25,"Karylin Bartkiewicz","902 Melody Street",469-831-6865,kbartkiewicz71@cafepress.com
255,2,"Giffy Muskett","2433 Blaine Circle",546-167-0445,gmuskett72@ox.ac.uk
256,14,"Reid Enstone","4299 Anderson Plaza",655-335-1884,renstone73@cpanel.net
257,15,"Flin Bartoszewicz","55 Prairieview Street",523-513-3240,fbartoszewicz74@indiatimes.com
258,13,"Chrystel Farran","74439 Luster Point",911-751-0800,cfarran75@toplist.cz
259,28,"Tonia Simla","50966 Talisman Drive",301-904-5492,tsimla76@etsy.com
260,20,"Terese Worsall","8361 Main Pass",796-241-4650,tworsall77@eventbrite.com
261,12,"Antonella McColl","30 Weeping Birch Center",499-933-5598,amccoll78@mtv.com
262,29,"Giovanni Rawlinson","921 Hauk Terrace",247-758-9072,grawlinson79@whitehouse.gov
263,12,"Bria Karpeev","18 Myrtle Terrace",925-330-0557,bkarpeev7a@businessweek.com
264,17,"Catharine Eringey","5 Grover Park",104-709-0617,ceringey7b@amazon.co.jp
265,11,"Valentine Chatteris","9977 Magdeline Trail",623-156-1439,vchatteris7c@gnu.org
266,3,"Claire Kesten","974 Buena Vista Circle",765-315-6877,ckesten7d@simplemachines.org
267,24,"Clarke McBrady","4 Holy Cross Lane",140-128-5960,cmcbrady7e@weather.com
268,3,"Lillian Udey","23 Daystar Pass",779-379-8306,ludey7f@yellowpages.com
269,3,"Beitris Gronw","295 Straubel Crossing",571-429-2990,bgronw7g@gov.uk
270,16,"Ethelind Yesinin","9891 Briar Crest Lane",376-203-4022,eyesinin7h@intel.com
271,21,"Flore MacKibbon","5 Kedzie Trail",522-950-8598,fmackibbon7i@mashable.com
272,6,"Jaye Neiland","88 Dunning Terrace",973-603-9265,jneiland7j@behance.net
273,28,"Carolann Roscher","392 Mariners Cove Lane",718-822-2093,croscher7k@utexas.edu
274,12,"Dudley Clemmitt","55 Pierstorff Terrace",975-389-0460,dclemmitt7l@weather.com
275,7,"Corbin Billett","115 South Way",183-121-0019,cbillett7m@phoca.cz
276,7,"Demetris Gadman","21108 Chinook Lane",651-118-8251,dgadman7n@home.pl
277,12,"Oliver Pimlock","2594 Mayer Way",383-406-8020,opimlock7o@sogou.com
278,12,"Horton Loomis","3288 Union Pass",535-171-9019,hloomis7p@apple.com
279,29,"Klaus Gregon","66758 Katie Pass",202-678-3006,kgregon7q@samsung.com
280,1,"Mara Grelik","461 Mccormick Road",618-830-8455,mgrelik7r@umn.edu
281,10,"Claire Melarkey","304 Mallard Center",546-383-2604,cmelarkey7s@sogou.com
282,18,"Tonye Rosoni","9 Chinook Alley",637-296-8218,trosoni7t@t.co
283,23,"Tabby Druhan","5835 Atwood Place",206-280-9027,tdruhan7u@mayoclinic.com
284,21,"Hailee Walesa","8134 Golf Course Street",295-962-9592,hwalesa7v@narod.ru
285,12,"Karalee Speares","718 Ronald Regan Lane",697-481-3858,kspeares7w@cam.ac.uk
286,12,"Zach Kelwick","40 Pawling Plaza",209-500-2461,zkelwick7x@instagram.com
287,25,"Eveleen Kirlin","7 Independence Parkway",712-873-2555,ekirlin7y@blog.com
288,2,"Chilton McDarmid","8761 Crownhardt Avenue",747-141-9255,cmcdarmid7z@ucsd.edu
289,26,"Eamon Hardwin","193 Stuart Park",771-936-6873,ehardwin80@google.cn
290,21,"Emery Carsey","9 Sunnyside Road",771-398-3969,ecarsey81@uol.com.br
291,25,"Tris Zorro","18 Stone Corner Point",592-718-3861,tzorro82@paypal.com
292,15,"Pavla McKue","32 Pleasure Lane",599-613-6101,pmckue83@mediafire.com
293,21,"Tedda Oram","336 Oakridge Drive",615-992-6842,toram84@independent.co.uk
294,12,"Cati Rankmore","830 Myrtle Court",120-478-0826,crankmore85@skype.com
295,18,"Zonda Niblo","53 Stoughton Crossing",859-724-2432,zniblo86@sakura.ne.jp
296,4,"Wally Vial","391 Commercial Trail",874-761-9289,wvial87@statcounter.com
297,25,"Dwayne Stoggles","7801 International Crossing",213-751-3265,dstoggles88@twitpic.com
298,10,"Raf Wintle","8365 Brentwood Way",330-964-5738,rwintle89@dailymotion.com
299,4,"Eleonora Kollas","4752 Claremont Plaza",799-143-3709,ekollas8a@who.int
300,22,"Evin Thurling","74062 Northport Trail",722-395-7697,ethurling8b@kickstarter.com
301,15,"Felike Vian","1827 Karstens Avenue",309-240-4477,fvian8c@merriam-webster.com
302,20,"Mariam Stuckow","62487 5th Pass",913-682-0032,mstuckow8d@apple.com
303,3,"Levin Codeman","7 Melby Trail",437-556-3207,lcodeman8e@mozilla.org
304,23,"Tess Stolberger","63 Everett Way",903-612-6538,tstolberger8f@4shared.com
305,29,"Obed Vonderdell","1727 Thompson Plaza",887-767-5942,ovonderdell8g@google.it
306,9,"Sile Alven","92 Garrison Plaza",652-330-7222,salven8h@google.es
307,25,"Frannie Huthart","9 Thompson Point",430-475-2455,fhuthart8i@bloomberg.com
308,22,"Linnie Carreyette","9 Hudson Trail",149-735-3946,lcarreyette8j@privacy.gov.au
309,29,"Agneta Mehmet","720 Mcguire Court",811-498-9711,amehmet8k@comsenz.com
310,8,"Wilone Ovenden","661 Meadow Valley Point",866-275-6518,wovenden8l@github.com
311,25,"Kitti Lauxmann","5 Portage Street",361-181-1800,klauxmann8m@wordpress.com
312,26,"Irita Skedge","864 Novick Drive",283-165-9680,iskedge8n@apple.com
313,30,"Rene Grist","886 Morrow Parkway",982-840-7947,rgrist8o@weather.com
314,13,"Kandace Hillhouse","02 Shelley Park",870-291-3919,khillhouse8p@exblog.jp
315,18,"Cristin Francescotti","0333 Fulton Drive",578-808-3526,cfrancescotti8q@aboutads.info
316,26,"Markos Goadsby","6 Upham Point",576-290-1313,mgoadsby8r@cnn.com
317,28,"Magnum Wincom","7 Corben Point",331-903-2913,mwincom8s@answers.com
318,18,"Vin Pandie","52 Kim Alley",815-477-1855,vpandie8t@apache.org
319,5,"Ava Stitson","447 Vera Road",761-313-2347,astitson8u@symantec.com
320,23,"Tomkin Robey","47 Kensington Alley",130-458-0986,trobey8v@desdev.cn
321,4,"Jaclyn Mechell","18748 Atwood Terrace",297-941-9527,jmechell8w@clickbank.net
322,17,"Yasmin Jarnell","979 Anzinger Center",566-731-1615,yjarnell8x@goo.gl
323,28,"Tasia Matchett","102 Graceland Point",906-431-4475,tmatchett8y@nhs.uk
324,26,"Jozef Syder","18 Vernon Place",216-134-3642,jsyder8z@examiner.com
325,6,"Annnora Huntall","9983 Helena Court",902-225-1975,ahuntall90@japanpost.jp
326,14,"Elka Crohan","8 Drewry Point",985-733-2982,ecrohan91@engadget.com
327,22,"Ethan Reede","75 Butterfield Plaza",977-820-7239,ereede92@nature.com
328,11,"Gweneth Penvarne","85 Grasskamp Drive",539-298-8151,gpenvarne93@com.com
329,7,"Hurlee Gregol","98984 Schiller Parkway",762-479-3616,hgregol94@businessinsider.com
330,11,"Nariko Adamek","1 Oxford Crossing",928-954-4991,nadamek95@usa.gov
331,29,"Denys Salvidge","0 Iowa Way",884-558-8179,dsalvidge96@tripod.com
332,3,"Sherwynd Harrower","007 Bowman Circle",637-502-4581,sharrower97@unicef.org
333,18,"Crawford McAviy","02 Kedzie Avenue",463-657-6735,cmcaviy98@irs.gov
334,22,"Pavel Paaso","2691 Golf Park",327-976-7718,ppaaso99@goo.ne.jp
335,14,"Nat Mouget","7936 Morrow Place",279-501-6951,nmouget9a@360.cn
336,18,"Hermia Mcettrick","7168 Sommers Junction",756-408-9398,hmcettrick9b@soup.io
337,24,"Elga Boyett","1301 Ruskin Hill",853-583-0231,eboyett9c@unblog.fr
338,2,"Nathalia Ledwidge","9779 Victoria Center",452-439-3459,nledwidge9d@apache.org
339,18,"Brennan Edel","64988 Maple Place",323-622-4146,bedel9e@usgs.gov
340,18,"Andree Achromov","5 Tomscot Circle",101-809-0869,aachromov9f@quantcast.com
341,8,"Bond Brommage","16517 Heffernan Junction",223-903-6193,bbrommage9g@google.ca
342,28,"Annetta Westhofer","4 Eagan Pass",276-906-3951,awesthofer9h@eventbrite.com
343,14,"Max Andreou","32 Grim Parkway",985-119-7068,mandreou9i@freewebs.com
344,1,"Delbert Lownes","22 Hoard Drive",118-109-8449,dlownes9j@squarespace.com
345,14,"Davy Larkins","516 Lakeland Avenue",688-561-8351,dlarkins9k@sciencedirect.com
346,21,"Kaia Rosendorf","21139 Washington Lane",933-558-2548,krosendorf9l@blogspot.com
347,27,"Justinn Leming","135 Spohn Place",109-559-5078,jleming9m@admin.ch
348,2,"Kathlin Rugieri","47 Declaration Street",679-772-1756,krugieri9n@fda.gov
349,9,"Bard Philipsohn","951 Corben Drive",928-352-5738,bphilipsohn9o@comcast.net
350,28,"Mortimer Adamov","12 Golden Leaf Crossing",490-319-3667,madamov9p@wordpress.org
351,15,"Nicki Midgley","182 Reindahl Hill",678-195-5668,nmidgley9q@opensource.org
352,11,"Novelia Ludgrove","43137 Ramsey Park",511-117-1403,nludgrove9r@51.la
353,7,"Jerrome Yglesias","7 Cordelia Junction",333-276-2408,jyglesias9s@deliciousdays.com
354,21,"Rosy MacAnelley","84 Eagle Crest Hill",323-675-9292,rmacanelley9t@nbcnews.com
355,12,"Wiatt Castangia","852 Amoth Pass",210-947-4457,wcastangia9u@utexas.edu
356,24,"Philly Wrightson","722 John Wall Terrace",408-837-8382,pwrightson9v@alibaba.com
357,30,"Jocelin Spenton","970 Helena Way",889-318-2057,jspenton9w@is.gd
358,5,"Frazier Burberye","2335 Spohn Hill",277-509-0641,fburberye9x@sakura.ne.jp
359,27,"Rhodia Tacon","54821 Bellgrove Hill",532-749-4787,rtacon9y@ucla.edu
360,26,"Beryl Aylesbury","03223 Everett Court",362-196-6023,baylesbury9z@storify.com
361,8,"Emyle Zuanelli","42770 Summit Terrace",482-483-3549,ezuanellia0@umn.edu
362,29,"Kalinda Gamwell","6 Sutherland Road",239-266-4703,kgamwella1@fastcompany.com
363,15,"Damaris Brockway","59 Londonderry Trail",173-900-0507,dbrockwaya2@github.com
364,18,"Abner Jayume","6 Charing Cross Drive",295-607-8423,ajayumea3@mapquest.com
365,20,"Morten Maytum","8 Kedzie Crossing",617-626-4800,mmaytuma4@hp.com
366,4,"Elspeth Allbon","356 Northwestern Street",711-191-9983,eallbona5@whitehouse.gov
367,2,"Adey Surgen","63 Sullivan Way",557-996-9276,asurgena6@chicagotribune.com
368,27,"Yoshi Kasman","47996 Rieder Hill",932-122-4991,ykasmana7@ask.com
369,22,"Harrietta Grumley","0 Muir Trail",524-943-3231,hgrumleya8@domainmarket.com
370,1,"Camel Cummungs","7943 Brentwood Hill",379-634-9962,ccummungsa9@tiny.cc
371,3,"Alisander Hilling","670 Dayton Street",197-500-7593,ahillingaa@about.com
372,14,"Eloise Troutbeck","5 Mallard Junction",999-242-4403,etroutbeckab@slashdot.org
373,25,"Elfrida Cherry","63576 Arrowood Junction",364-698-4757,echerryac@bandcamp.com
374,8,"Sileas Dinnington","65 Northport Court",807-564-6448,sdinningtonad@utexas.edu
375,9,"Colly Blamey","999 Kenwood Drive",921-629-4523,cblameyae@auda.org.au
376,16,"Billie Kersting","31513 Warrior Pass",584-660-6910,bkerstingaf@mac.com
377,25,"Pegeen Tapin","9290 Goodland Plaza",871-337-1573,ptapinag@tamu.edu
378,4,"Kaitlyn Peachey","73 Colorado Point",324-439-7750,kpeacheyah@jimdo.com
379,12,"Patrick Loftin","04 Almo Drive",837-180-8203,ploftinai@netscape.com
380,2,"Pris Habbeshaw","601 Debra Junction",434-672-7351,phabbeshawaj@japanpost.jp
381,15,"Cindee Courtonne","66 Brentwood Center",779-700-4752,ccourtonneak@abc.net.au
382,23,"Elwyn Fairlaw","20690 Veith Street",857-456-6125,efairlawal@oracle.com
383,28,"Krissy Bricklebank","8 Oriole Plaza",846-797-1084,kbricklebankam@google.com.hk
384,25,"Wallache Cecchetelli","7 Jenna Terrace",277-932-0504,wcecchetellian@yahoo.com
385,17,"Giffard Bengoechea","62 Lunder Avenue",610-571-3075,gbengoecheaao@usnews.com
386,29,"Demott Adlington","135 Cardinal Street",586-793-4816,dadlingtonap@freewebs.com
387,10,"Dulcy Sabey","4189 Granby Lane",446-840-1832,dsabeyaq@goodreads.com
388,23,"Onofredo Darmody","56 Norway Maple Trail",402-396-7004,odarmodyar@angelfire.com
389,29,"Silvano Sadat","7 4th Junction",840-318-2751,ssadatas@google.co.jp
390,29,"Art MacLucais","3 Truax Hill",846-601-2875,amaclucaisat@storify.com
391,7,"Noby Norcliff","075 Tennyson Trail",341-900-5488,nnorcliffau@amazonaws.com
392,20,"Ursala Sandiford","0603 Kim Way",944-818-7123,usandifordav@weibo.com
393,23,"Roseanna Filipov","660 International Avenue",286-757-2960,rfilipovaw@forbes.com
394,18,"Meier Szach","025 Pierstorff Junction",399-281-3997,mszachax@youtube.com
395,26,"Edsel Beeckx","58 Muir Circle",463-503-6530,ebeeckxay@indiegogo.com
396,28,"Cayla Doncom","58 Mariners Cove Court",272-647-8044,cdoncomaz@51.la
397,16,"Kinny Asp","90044 Pleasure Hill",247-386-0827,kaspb0@de.vu
398,7,"Wes Pietruschka","1349 Sloan Plaza",767-754-7032,wpietruschkab1@google.com
399,22,"Bride Janous","4 Lakeland Trail",326-339-2497,bjanousb2@japanpost.jp
400,15,"Guss Drei","53 Transport Avenue",917-484-4211,gdreib3@wired.com
401,17,"Ferguson Servante","034 Merchant Drive",104-361-1030,fservanteb4@whitehouse.gov
402,7,"Benny Cowpe","7 Grim Road",467-271-0269,bcowpeb5@fastcompany.com
403,7,"Mattie Lieb","95058 Pleasure Avenue",613-932-3135,mliebb6@odnoklassniki.ru
404,20,"Enrico Balden","24091 Spenser Park",389-659-3816,ebaldenb7@sfgate.com
405,30,"Aloysia Killingworth","26179 Ridge Oak Terrace",602-315-1845,akillingworthb8@barnesandnoble.com
406,27,"Dominica Farndon","40426 Iowa Avenue",736-643-3803,dfarndonb9@java.com
407,24,"Herculie Larciere","15 Hanson Drive",382-235-6355,hlarciereba@woothemes.com
408,18,"Edik Penny","8027 Almo Junction",402-646-9927,epennybb@networkadvertising.org
409,12,"Clair Huckett","36 Bellgrove Circle",379-172-3924,chuckettbc@amazon.co.uk
410,14,"Theodoric Blaver","89 Clyde Gallagher Street",892-998-4648,tblaverbd@rediff.com
411,3,"Lorelle Mulchrone","15869 Cardinal Street",122-183-5536,lmulchronebe@si.edu
412,26,"Sherline Crolly","5629 Farmco Crossing",646-527-4613,scrollybf@jiathis.com
413,29,"Luigi Fairholm","7 Carberry Point",291-928-1713,lfairholmbg@opensource.org
414,16,"Uriel Roderighi","869 Monument Circle",270-354-2584,uroderighibh@gizmodo.com
415,12,"Bren Gozard","44949 Colorado Circle",570-382-6663,bgozardbi@bloomberg.com
416,18,"Bobina Pinard","245 Mesta Lane",639-576-8434,bpinardbj@jalbum.net
417,10,"Arlene McCloy","486 Daystar Trail",648-666-8633,amccloybk@exblog.jp
418,18,"Lynsey Harrinson","78508 Dexter Court",128-368-6081,lharrinsonbl@technorati.com
419,10,"Erin Fold","48040 Transport Hill",521-280-5596,efoldbm@networkadvertising.org
420,10,"Mersey Hrinchenko","08 Dakota Circle",954-753-5270,mhrinchenkobn@cbc.ca
421,23,"Damiano Farnill","0773 Eastlawn Hill",510-472-5099,dfarnillbo@google.nl
422,3,"Bearnard Scholfield","03704 Golf Drive",299-104-2615,bscholfieldbp@jiathis.com
423,4,"Reinwald Gotecliffe","0933 Grim Road",739-833-4234,rgotecliffebq@facebook.com
424,21,"Keelby Arntzen","9 Stephen Park",386-661-0837,karntzenbr@prlog.org
425,1,"Mohammed Frensche","494 Mallard Way",869-728-1059,mfrenschebs@ycombinator.com
426,13,"Haven Eliot","8389 Sunbrook Court",732-224-2928,heliotbt@about.me
427,26,"Claiborne McCadden","73 Fairview Circle",405-737-4616,cmccaddenbu@earthlink.net
428,24,"Ruprecht Britian","7462 Buell Road",369-251-5025,rbritianbv@dot.gov
429,27,"Vergil Giotto","36 4th Court",802-633-4304,vgiottobw@telegraph.co.uk
430,10,"Babbette Antalffy","7143 Kinsman Drive",807-551-1175,bantalffybx@homestead.com
431,10,"Errick Waterworth","13613 Saint Paul Plaza",862-325-0061,ewaterworthby@guardian.co.uk
432,19,"Wynn Loseby","8966 Spenser Place",962-879-9670,wlosebybz@typepad.com
433,3,"Benedetta Gilphillan","37708 Schiller Court",334-397-6989,bgilphillanc0@toplist.cz
434,13,"Shari Cheston","6816 Thackeray Parkway",391-789-2930,schestonc1@patch.com
435,12,"Bruce Campkin","8409 Muir Place",509-253-5916,bcampkinc2@latimes.com
436,10,"Martyn Phelit","33659 Oneill Road",489-908-0371,mphelitc3@google.de
437,23,"Stanleigh Doucette","79 Spenser Pass",426-501-5841,sdoucettec4@tripadvisor.com
438,28,"Jessee Kwietak","5 Susan Alley",475-599-4391,jkwietakc5@yahoo.com
439,4,"Bettina Kabsch","48 Ronald Regan Terrace",664-890-3988,bkabschc6@slate.com
440,11,"Ashlin Dunning","69 Lukken Road",212-970-7871,adunningc7@people.com.cn
441,19,"Glyn Waddie","27520 Fairview Park",762-207-1891,gwaddiec8@freewebs.com
442,4,"Othelia Gunter","12960 Ridgeway Circle",321-460-0123,ogunterc9@cbslocal.com
443,8,"Brietta Cottu","375 Delaware Plaza",510-840-5839,bcottuca@nasa.gov
444,1,"Horton Matevushev","19 Sutteridge Park",403-474-5843,hmatevushevcb@salon.com
445,24,"Daile Lambertz","226 Valley Edge Crossing",340-955-0113,dlambertzcc@state.tx.us
446,24,"Reynold Stoade","8 Hudson Plaza",630-360-9355,rstoadecd@flickr.com
447,9,"Norris Songer","0 Arapahoe Trail",474-665-2139,nsongerce@webs.com
448,18,"Jock Crossley","93243 Aberg Terrace",508-116-5721,jcrossleycf@comsenz.com
449,17,"Saleem Kunath","3710 Kedzie Center",708-801-5354,skunathcg@sun.com
450,25,"Nancy Giaomozzo","592 Chive Trail",955-240-2065,ngiaomozzoch@sitemeter.com
451,21,"Morna McBrearty","1 Brown Road",889-971-1276,mmcbreartyci@hao123.com
452,9,"Phil Pettis","6 Barnett Pass",396-557-6959,ppettiscj@hugedomains.com
453,29,"Brewer Meagher","75472 Susan Court",658-797-1428,bmeagherck@howstuffworks.com
454,11,"Jessamyn Brawson","40 Messerschmidt Way",689-675-7424,jbrawsoncl@ocn.ne.jp
455,5,"Madlen Tennock","6 Clemons Lane",941-137-5238,mtennockcm@printfriendly.com
456,8,"Jeni Basnett","056 Holmberg Way",478-475-2413,jbasnettcn@ask.com
457,22,"Jania Snarr","9693 Village Place",213-647-4205,jsnarrco@hhs.gov
458,13,"Andi Fothergill","36 Bluejay Circle",698-747-4235,afothergillcp@berkeley.edu
459,8,"Beau Hatfield","17 Dennis Center",442-970-5974,bhatfieldcq@hatena.ne.jp
460,16,"Coraline Footer","0122 Brown Avenue",898-497-2506,cfootercr@house.gov
461,28,"Maurie Greatorex","8217 Hudson Avenue",925-404-4265,mgreatorexcs@icq.com
462,8,"Garrick Oxbury","92 Prairie Rose Junction",130-988-9855,goxburyct@wufoo.com
463,20,"Francoise Guidoni","94240 Eagle Crest Point",213-474-3784,fguidonicu@eventbrite.com
464,5,"Davis Lung","6 Sauthoff Pass",256-319-0885,dlungcv@yellowpages.com
465,28,"Caprice Cairney","6056 Crest Line Circle",369-206-6850,ccairneycw@over-blog.com
466,3,"Alex Robelow","2 Jana Road",403-652-5298,arobelowcx@ehow.com
467,3,"Bayard Foyston","3174 Fisk Road",434-342-1236,bfoystoncy@topsy.com
468,8,"Johnathan Coppin","103 Everett Center",910-604-2252,jcoppincz@devhub.com
469,11,"Grantham Haw","14146 Lyons Plaza",965-763-2213,ghawd0@bbc.co.uk
470,24,"Chick Gerald","67660 Melody Plaza",764-305-0529,cgeraldd1@reference.com
471,29,"Vladimir Skein","917 Mifflin Way",786-379-2829,vskeind2@amazon.co.uk
472,28,"Cosmo Pibsworth","61674 Jana Trail",904-365-5273,cpibsworthd3@eepurl.com
473,30,"Dorothea Bicknell","1 3rd Alley",879-379-8905,dbicknelld4@issuu.com
474,2,"Teodorico Putterill","18 Novick Way",240-673-0366,tputterilld5@craigslist.org
475,8,"Josie MacPadene","5816 Eliot Avenue",582-154-9017,jmacpadened6@mashable.com
476,24,"Rustie Carff","7 Bartelt Lane",671-260-0980,rcarffd7@blinklist.com
477,12,"Reube Melladew","7 Longview Trail",831-876-2651,rmelladewd8@is.gd
478,1,"Oren Chomicz","4840 Barnett Parkway",731-158-4159,ochomiczd9@mlb.com
479,23,"Rochette Davley","8599 Hollow Ridge Parkway",179-892-7852,rdavleyda@deviantart.com
480,29,"Maddalena Chiplen","991 Helena Terrace",601-372-3557,mchiplendb@opensource.org
481,7,"Beale Chipps","44 Toban Drive",979-791-3738,bchippsdc@ycombinator.com
482,29,"Blanca Benham","277 Utah Pass",724-450-5175,bbenhamdd@latimes.com
483,21,"Payton Antic","11908 Oak Street",308-745-3513,panticde@over-blog.com
484,30,"Bourke Dibling","26625 Carpenter Street",536-261-3780,bdiblingdf@blinklist.com
485,23,"Lela Vasichev","0903 Merry Hill",215-821-6153,lvasichevdg@state.gov
486,1,"Catrina Bliven","3576 Parkside Park",434-305-1779,cblivendh@webs.com
487,2,"Nicky Capon","39 Southridge Way",588-472-7822,ncapondi@fda.gov
488,19,"Rollo Pittoli","5352 Logan Center",684-697-2867,rpittolidj@smh.com.au
489,1,"Richie Franzetti","67 Ohio Hill",859-530-7396,rfranzettidk@sphinn.com
490,11,"Noam Mellmoth","2331 Bluejay Avenue",491-663-9184,nmellmothdl@comcast.net
491,15,"Ivor Pepper","14182 Heath Point",936-807-0720,ipepperdm@ca.gov
492,24,"Joey Seagar","90 Melvin Place",846-906-6442,jseagardn@sitemeter.com
493,11,"Austin Benedetti","42386 Lighthouse Bay Road",387-889-3962,abenedettido@google.cn
494,16,"Ashlan Sneesbie","196 Hanson Road",555-196-5125,asneesbiedp@microsoft.com
495,30,"Ronny Golland","3 Butternut Lane",986-506-2771,rgollanddq@cpanel.net
496,14,"Daisie Gebb","717 Sutherland Terrace",455-360-6242,dgebbdr@mtv.com
497,25,"Zelda Pheazey","70 Vahlen Hill",634-270-4791,zpheazeyds@usnews.com
498,19,"Camey Mitchell","9 Gina Lane",843-355-7686,cmitchelldt@deviantart.com
499,8,"Zebedee Muggeridge","4 Hoffman Terrace",552-638-6535,zmuggeridgedu@last.fm
500,21,"Jone Massot","9192 Stuart Drive",196-187-5939,jmassotdv@over-blog.com
501,20,"Claudette Mountcastle","06521 Cambridge Road",427-997-3675,cmountcastledw@usda.gov
502,28,"Karola Le Blanc","5746 Dixon Lane",774-272-1104,kledx@com.com
503,20,"Daryl Yockney","958 Fairview Street",929-166-8890,dyockneydy@zimbio.com
504,27,"Elihu Acres","14911 Clyde Gallagher Hill",665-603-7059,eacresdz@ox.ac.uk
505,27,"Jeffry Fleisch","075 Katie Plaza",586-678-2928,jfleische0@dagondesign.com
506,6,"Kippy Guslon","28896 Portage Circle",290-589-7210,kguslone1@ask.com
507,24,"Claudelle Murison","3 Ridgeway Hill",737-444-0331,cmurisone2@nifty.com
508,5,"Breena Goulborne","43 Emmet Parkway",457-992-6539,bgoulbornee3@howstuffworks.com
509,4,"Clerkclaude MacFall","67691 Anhalt Park",159-872-2383,cmacfalle4@goodreads.com
510,23,"Troy Whitta","938 Onsgard Drive",993-712-4192,twhittae5@storify.com
511,18,"Sandi Pudsey","56314 Morrow Terrace",259-506-5693,spudseye6@last.fm
512,14,"Melony Moors","674 Jenna Crossing",208-536-3733,mmoorse7@plala.or.jp
513,30,"Ferne Pauli","90 Hoffman Street",345-824-1033,fpaulie8@chron.com
514,23,"Mildrid Drewett","68004 Warner Point",626-247-4561,mdrewette9@accuweather.com
515,7,"Nev Vinten","34 Vernon Trail",251-877-4526,nvintenea@soup.io
516,11,"Gregg Shillabeer","302 Porter Street",651-126-9596,gshillabeereb@opera.com
517,30,"Lelia Fielder","5714 Hauk Way",143-829-7947,lfielderec@storify.com
518,7,"Ollie Beed","62272 Brown Trail",598-720-5422,obeeded@blogtalkradio.com
519,11,"Padgett Collings","06 Westend Center",274-790-3180,pcollingsee@disqus.com
520,8,"Larine Annakin","23 Sheridan Point",643-434-6560,lannakinef@pagesperso-orange.fr
521,13,"Daile Zanneli","464 Clarendon Plaza",487-493-8320,dzannelieg@jimdo.com
522,8,"Gwenora Stodhart","17 Fair Oaks Junction",399-423-0577,gstodharteh@blogtalkradio.com
523,3,"Theo Keesman","4247 Old Gate Way",657-111-6879,tkeesmanei@live.com
524,21,"Wallis Hassett","168 Prairieview Point",525-127-8999,whassettej@stanford.edu
525,5,"Bree Lapenna","66 Kings Drive",829-462-9894,blapennaek@reverbnation.com
526,17,"Massimo Tribe","2551 Lakewood Gardens Pass",419-931-5755,mtribeel@hao123.com
527,9,"Lew Bruckmann","6586 Iowa Plaza",393-946-0833,lbruckmannem@squarespace.com
528,6,"Mano Gipson","13120 Fallview Place",146-382-0114,mgipsonen@sakura.ne.jp
529,12,"Willem Furse","99236 Elmside Place",850-233-8535,wfurseeo@miibeian.gov.cn
530,22,"Katrina Calderonello","3140 Cordelia Parkway",552-516-0928,kcalderonelloep@stanford.edu
531,4,"Sharity De Cleen","650 Kennedy Center",415-999-6917,sdeeq@soundcloud.com
532,22,"Maurise Dragoe","21335 Montana Drive",861-454-9119,mdragoeer@nytimes.com
533,18,"Brodie Merkle","3 Melody Terrace",785-107-6882,bmerklees@hhs.gov
534,14,"Giorgio Impson","61909 Fisk Drive",323-304-3777,gimpsonet@mac.com
535,22,"Shaun Petrollo","6266 Claremont Trail",445-102-0487,spetrolloeu@guardian.co.uk
536,25,"Seamus Van Vuuren","40069 Crescent Oaks Road",622-923-9975,svanev@sbwire.com
537,21,"Glen Lowman","0 School Drive",201-396-6272,glowmanew@g.co
538,17,"Hollis Brafferton","14271 Anzinger Crossing",716-363-2548,hbraffertonex@umn.edu
539,10,"Lionello Belone","2 Darwin Pass",277-887-2738,lbeloneey@sbwire.com
540,22,"Oriana Louth","6180 Magdeline Place",214-536-7020,olouthez@jiathis.com
541,23,"Nariko Dawkins","95 Bunker Hill Street",923-641-7195,ndawkinsf0@friendfeed.com
542,20,"Barry Cappleman","70718 Basil Road",918-468-9218,bcapplemanf1@sciencedaily.com
543,21,"Octavia Meus","66772 Talmadge Trail",967-346-0728,omeusf2@ca.gov
544,3,"Hubey Fateley","0 Rusk Lane",652-438-8408,hfateleyf3@eventbrite.com
545,29,"Wyn MacNally","0 Ruskin Center",258-499-4416,wmacnallyf4@goo.ne.jp
546,6,"Christin Gouth","2815 Mitchell Street",262-311-1422,cgouthf5@intel.com
547,28,"Mina Cominotti","2 North Crossing",138-452-0142,mcominottif6@geocities.com
548,26,"Filide Copo","0814 Manley Plaza",669-385-9051,fcopof7@github.io
549,25,"Nicolas Montez","64499 John Wall Avenue",121-865-7121,nmontezf8@google.de
550,3,"Tori Lahiff","3463 Southridge Way",344-365-8230,tlahifff9@blogtalkradio.com
551,17,"Benoit Silverstone","1 Bunting Point",715-847-2320,bsilverstonefa@elegantthemes.com
552,1,"Dionne Baglin","76851 Farmco Terrace",247-276-2450,dbaglinfb@ed.gov
553,4,"Carmon O'Bradane","18 Randy Hill",749-670-2408,cobradanefc@samsung.com
554,17,"Livvie Cossom","08 Di Loreto Way",427-429-5910,lcossomfd@tinyurl.com
555,18,"Etta Belt","6 Maywood Court",515-655-2977,ebeltfe@angelfire.com
556,15,"Anneliese Sponder","97352 Lindbergh Way",736-764-8863,asponderff@cbc.ca
557,3,"Lurlene Garman","46 Fieldstone Center",377-640-3606,lgarmanfg@cafepress.com
558,29,"Camala Claw","76485 Utah Drive",565-268-3803,cclawfh@cdc.gov
559,7,"Ilise Douthwaite","9396 Moose Road",534-249-6833,idouthwaitefi@flavors.me
560,9,"Marie-ann Chaster","582 Mallory Street",285-728-0301,mchasterfj@flavors.me
561,9,"Stephanie Rapkins","64484 Oakridge Park",360-329-6974,srapkinsfk@sciencedirect.com
562,14,"Trstram O'Breen","95639 Talmadge Avenue",358-104-2277,tobreenfl@360.cn
563,14,"Spenser Curdell","410 Ridgeway Street",300-373-1368,scurdellfm@ucoz.com
564,29,"Ossie Sansbury","4471 Arapahoe Hill",449-260-9110,osansburyfn@phoca.cz
565,13,"Dawn De Vries","9414 Warner Drive",799-121-2537,ddefo@walmart.com
566,9,"Ronnie Webling","50 Stephen Point",561-602-1698,rweblingfp@plala.or.jp
567,29,"Gilbertina Goering","726 Vernon Drive",869-746-9245,ggoeringfq@prweb.com
568,15,"Coleman Dunckley","20 Ryan Pass",507-876-2783,cdunckleyfr@csmonitor.com
569,12,"Nadine Ragsdale","61 Lawn Crossing",566-412-7249,nragsdalefs@etsy.com
570,28,"Con Braghini","21977 Summit Street",558-435-6971,cbraghinift@123-reg.co.uk
571,30,"Modestia Albutt","3714 Cambridge Way",540-134-3934,malbuttfu@weebly.com
572,3,"Janel Kopec","5486 Brickson Park Alley",229-523-7877,jkopecfv@discovery.com
573,18,"Veronique Carbert","16837 Roxbury Point",642-286-9709,vcarbertfw@shutterfly.com
574,11,"Baxter Bilverstone","86704 Fordem Alley",489-734-8177,bbilverstonefx@uiuc.edu
575,30,"Kristos Sturror","12 Lunder Lane",628-590-9550,ksturrorfy@state.tx.us
576,27,"Ring Alasdair","2890 Mifflin Junction",704-777-2527,ralasdairfz@netvibes.com
577,20,"Ophelia Kinnard","9031 Vernon Trail",886-575-9134,okinnardg0@chron.com
578,19,"Leslie Sylett","03544 Weeping Birch Lane",302-598-9010,lsylettg1@cnet.com
579,20,"Rowena Karsh","358 Pierstorff Court",721-155-4551,rkarshg2@wordpress.com
580,21,"Leanora Arnowicz","5 Lakewood Circle",122-696-0296,larnowiczg3@yellowpages.com
581,12,"Norman Ardling","4 Heffernan Road",919-238-6782,nardlingg4@pagesperso-orange.fr
582,29,"Marrissa Applewhaite","95 Eagle Crest Road",821-528-0332,mapplewhaiteg5@elegantthemes.com
583,25,"Jedidiah Lord","021 Village Point",482-491-9260,jlordg6@scribd.com
584,9,"Kelbee Jeffcoate","63 Grim Avenue",498-416-5121,kjeffcoateg7@comsenz.com
585,24,"Louisette Twentyman","105 Columbus Plaza",646-901-6346,ltwentymang8@taobao.com
586,10,"Gerhardt Simmins","583 Lien Point",978-461-6476,gsimminsg9@cyberchimps.com
587,12,"Clair Wesson","2135 Monument Pass",918-995-0338,cwessonga@forbes.com
588,21,"Hastings Krop","44 Corben Way",701-847-2880,hkropgb@techcrunch.com
589,1,"Tim Camocke","99890 Rigney Circle",138-959-2819,tcamockegc@shinystat.com
590,10,"Hillary Andreotti","9 Kings Junction",186-266-2884,handreottigd@zimbio.com
591,28,"Gene Seif","66 Briar Crest Place",995-240-5677,gseifge@digg.com
592,30,"Monti Stiddard","39336 Hollow Ridge Terrace",779-985-6098,mstiddardgf@redcross.org
593,7,"Patty Caffrey","6215 Scofield Alley",932-445-8430,pcaffreygg@china.com.cn
594,27,"Loy Umney","03014 Lakewood Road",889-988-8792,lumneygh@scribd.com
595,4,"Cathleen Stannus","2335 Dawn Parkway",688-571-9793,cstannusgi@nytimes.com
596,26,"Colman Ughini","1506 Thompson Hill",618-233-7845,cughinigj@123-reg.co.uk
597,25,"Libby Olyff","293 Dorton Hill",593-197-9637,lolyffgk@last.fm
598,8,"Gwenni Hayto","327 Algoma Point",550-173-6714,ghaytogl@vinaora.com
599,26,"Michelina Coolson","49219 Maple Wood Point",642-483-5283,mcoolsongm@fc2.com
600,28,"Deedee Faraker","47 Oneill Place",787-664-8528,dfarakergn@meetup.com
601,13,"Adelle Sides","6554 Sherman Place",905-575-9774,asidesgo@i2i.jp
602,11,"Arlinda Haccleton","66147 Basil Park",502-526-0250,ahaccletongp@shutterfly.com
603,19,"Nita Ridout","7 Manley Street",487-705-8692,nridoutgq@msu.edu
604,1,"Mirna Horwell","28 Randy Lane",100-635-9294,mhorwellgr@buzzfeed.com
605,1,"Josefina Cancott","75178 Colorado Circle",532-826-0443,jcancottgs@sourceforge.net
606,4,"Evey Crosfield","833 Susan Drive",838-933-6803,ecrosfieldgt@nhs.uk
607,25,"Dayna Kaas","0 Kings Trail",516-618-2439,dkaasgu@liveinternet.ru
608,7,"Davidde Mardell","6 Lindbergh Parkway",752-687-8987,dmardellgv@aol.com
609,17,"Kermy Wisson","7 Birchwood Parkway",422-555-7045,kwissongw@slate.com
610,14,"Berke Scini","56841 Stoughton Drive",859-821-6793,bscinigx@nsw.gov.au
611,5,"Nadine Scullion","8038 Columbus Pass",949-564-9578,nsculliongy@over-blog.com
612,11,"Neale Mattock","88 Killdeer Hill",618-173-2199,nmattockgz@engadget.com
613,5,"Art Barling","340 Susan Hill",720-198-7308,abarlingh0@hubpages.com
614,22,"Dulcinea Kubin","51 Continental Alley",508-210-3889,dkubinh1@merriam-webster.com
615,7,"Morton Uttridge","2064 Mallard Junction",992-585-7637,muttridgeh2@bloglines.com
616,21,"Daile Rowsel","1 Cascade Terrace",352-467-0968,drowselh3@miibeian.gov.cn
617,10,"Courtney Crips","67 Macpherson Plaza",304-432-9096,ccripsh4@themeforest.net
618,7,"Herby Fendlen","16435 Mayer Parkway",537-309-7867,hfendlenh5@boston.com
619,8,"Shurlock Frank","1 Merrick Street",514-580-1954,sfrankh6@yelp.com
620,29,"Bordie Sheirlaw","1251 Village Hill",178-559-2963,bsheirlawh7@linkedin.com
621,30,"Grove Barnicott","423 Maryland Point",197-625-7870,gbarnicotth8@mail.ru
622,29,"Agna Jacquemet","2 Bonner Drive",751-742-7171,ajacquemeth9@163.com
623,19,"Eugenia Aronoff","9366 Autumn Leaf Drive",530-144-6509,earonoffha@businessinsider.com
624,15,"Hakeem Lared","28 Tomscot Circle",299-114-6530,hlaredhb@twitter.com
625,16,"Chan Kipling","1572 Mcguire Plaza",976-596-4815,ckiplinghc@wisc.edu
626,19,"Laurene Coskerry","92128 Mockingbird Trail",578-802-8097,lcoskerryhd@bandcamp.com
627,20,"Myles Dadson","73 Armistice Center",937-617-0018,mdadsonhe@intel.com
628,8,"Breanne Claye","4 8th Park",154-753-3288,bclayehf@admin.ch
629,2,"Cybill Ronisch","28655 Mendota Street",222-466-5613,cronischhg@163.com
630,15,"Christopher Hovington","53 Sauthoff Hill",888-116-3846,chovingtonhh@aol.com
631,4,"Pearle Hartwell","0 Farragut Avenue",418-559-4968,phartwellhi@freewebs.com
632,25,"Zola Kneeshaw","2240 Bashford Junction",958-580-4118,zkneeshawhj@time.com
633,12,"Carry Beagles","133 Eliot Way",349-893-2285,cbeagleshk@huffingtonpost.com
634,16,"Zitella Wittke","0640 Lakewood Crossing",295-613-0227,zwittkehl@ning.com
635,1,"Boycey Cadagan","71114 Melrose Trail",241-174-5343,bcadaganhm@sbwire.com
636,26,"Matthus Setchfield","77875 Marquette Crossing",797-518-3199,msetchfieldhn@mayoclinic.com
637,15,"Glenn Valenti","15 Walton Parkway",231-325-3232,gvalentiho@bing.com
638,3,"Neddy MacGown","07 American Park",869-228-8367,nmacgownhp@sun.com
639,26,"Chiquita Woodland","6594 Green Ridge Drive",785-859-7683,cwoodlandhq@merriam-webster.com
640,18,"Micheal Gyurko","2610 Dryden Circle",243-752-7682,mgyurkohr@oaic.gov.au
641,16,"Dniren Gallemore","47 Schmedeman Avenue",558-885-9128,dgallemorehs@yellowpages.com
642,7,"Lotta Pitfield","83 Garrison Trail",210-457-5826,lpitfieldht@goo.ne.jp
643,4,"Chick O'Hallagan","983 Westend Junction",190-111-7143,cohallaganhu@auda.org.au
644,3,"Malory Gaylord","030 Banding Avenue",770-851-9477,mgaylordhv@shop-pro.jp
645,17,"Aube Roxbrough","6 Kropf Parkway",794-962-4854,aroxbroughhw@addthis.com
646,15,"Heida Waterhouse","7334 Jenna Circle",273-960-2018,hwaterhousehx@earthlink.net
647,3,"Aidan Vibert","18582 Spaight Point",931-424-7807,aviberthy@squidoo.com
648,30,"Lucian Eckart","49 Dorton Circle",786-508-6513,leckarthz@usa.gov
649,30,"Hally Bedells","82 Maywood Pass",859-243-7827,hbedellsi0@de.vu
650,9,"Willa Blewitt","24 Eastwood Way",158-387-2596,wblewitti1@alexa.com
651,1,"Charita Deviney","5 Meadow Ridge Park",558-768-2268,cdevineyi2@fotki.com
652,28,"Giacinta Stile","7915 Dennis Circle",928-390-2092,gstilei3@merriam-webster.com
653,24,"Ginny D'Aeth","1 Basil Pass",209-868-2214,gdaethi4@tripod.com
654,25,"Alexandr Skone","35592 Scott Street",591-186-9055,askonei5@ustream.tv
655,9,"Debby McGrane","859 Continental Parkway",610-496-8841,dmcgranei6@usda.gov
656,30,"Kilian Gentzsch","04 Center Point",147-557-0075,kgentzschi7@amazon.de
657,14,"Rea Streetfield","90373 Farwell Junction",301-863-7730,rstreetfieldi8@uiuc.edu
658,14,"Georgy Pero","9874 Fieldstone Alley",578-468-6105,gperoi9@hc360.com
659,14,"Deva Whiscard","3413 Hollow Ridge Place",396-818-2741,dwhiscardia@youtu.be
660,25,"Sharl Goalley","82230 Maryland Alley",326-272-8138,sgoalleyib@shutterfly.com
661,19,"Cherie Sarfatti","0 Starling Drive",559-574-2423,csarfattiic@unc.edu
662,19,"Rafa Calway","811 Lake View Drive",491-318-9622,rcalwayid@shutterfly.com
663,22,"Jackqueline Genicke","11 Forest Run Hill",813-689-0728,jgenickeie@amazon.co.uk
664,7,"Dannie Macken","001 Troy Avenue",824-720-2773,dmackenif@soup.io
665,12,"Hewet Hoggan","1706 Riverside Avenue",859-510-3837,hhogganig@upenn.edu
666,12,"Hazel Offener","0692 Shelley Way",235-948-0127,hoffenerih@dailymail.co.uk
667,23,"Abbe Dyne","56037 Hooker Terrace",440-400-6835,adyneii@cdc.gov
668,29,"Cristal Orrocks","746 Fremont Road",680-765-7600,corrocksij@miibeian.gov.cn
669,9,"Rosalie Matyugin","69440 School Plaza",547-628-6565,rmatyuginik@hibu.com
670,4,"Stacee Simper","0 International Road",317-383-8133,ssimperil@google.ru
671,3,"Reider Lorait","9995 Truax Way",247-153-0463,rloraitim@economist.com
672,9,"Mord Brombell","717 Bluejay Circle",446-248-2318,mbrombellin@usgs.gov
673,16,"Gwyn Toping","96648 Ramsey Junction",148-281-5018,gtopingio@squidoo.com
674,23,"Lillis Guyers","6264 Johnson Plaza",346-432-3367,lguyersip@cdc.gov
675,22,"Jens Tamas","2495 Nelson Street",614-196-3547,jtamasiq@jigsy.com
676,20,"Reed Chiplen","8 Mandrake Street",593-631-8693,rchiplenir@t.co
677,7,"Chandra Howship","33 Rusk Drive",182-252-3095,chowshipis@purevolume.com
678,17,"Joey Philcock","4538 Florence Junction",983-675-0750,jphilcockit@hugedomains.com
679,16,"Augustine Fearnyhough","67 Melody Court",751-667-2315,afearnyhoughiu@spiegel.de
680,9,"Francisca Fulstow","79655 Morrow Drive",149-146-9949,ffulstowiv@woothemes.com
681,25,"Parke Jaques","41816 Hanover Crossing",811-594-5655,pjaquesiw@indiegogo.com
682,2,"Jock Saynor","15265 Lindbergh Point",236-401-1406,jsaynorix@un.org
683,28,"Leonanie Hutsby","76502 Clemons Trail",712-572-7732,lhutsbyiy@lulu.com
684,26,"Cal Krystof","05498 Monument Trail",365-317-1612,ckrystofiz@cafepress.com
685,29,"Malinda Dalton","450 Carioca Avenue",732-219-5432,mdaltonj0@chron.com
686,17,"Hadleigh Clewett","632 Doe Crossing Drive",424-684-2048,hclewettj1@vinaora.com
687,25,"Shalna Viles","31156 Holy Cross Road",381-621-0590,svilesj2@bravesites.com
688,3,"Bonita Loudian","88251 Lien Road",991-217-4419,bloudianj3@seesaa.net
689,22,"Quentin Vondra","6 Esker Pass",557-289-9300,qvondraj4@etsy.com
690,22,"Bobbee Blaydon","26 Hazelcrest Point",917-818-4113,bblaydonj5@alexa.com
691,21,"Tricia Brikner","3 Valley Edge Circle",621-103-1770,tbriknerj6@wisc.edu
692,21,"Jocelyn MacKeeg","7 Upham Street",923-660-2277,jmackeegj7@businesswire.com
693,8,"Chryste Ramirez","6 Dawn Trail",110-567-1750,cramirezj8@skyrock.com
694,22,"Henry Holston","83 Red Cloud Avenue",712-730-9108,hholstonj9@home.pl
695,19,"Milicent Stallen","01 Prairieview Lane",505-612-3702,mstallenja@thetimes.co.uk
696,28,"Engracia Dufoure","98616 Butterfield Alley",300-238-9759,edufourejb@hud.gov
697,10,"Shaylah Scragg","7 Kim Alley",666-718-7075,sscraggjc@washington.edu
698,16,"Elfrida Heaslip","3892 Schurz Circle",428-903-1367,eheaslipjd@army.mil
699,8,"Lissy Biggs","981 Briar Crest Point",224-590-9586,lbiggsje@epa.gov
700,26,"Gar Halvorsen","3 Springview Park",936-510-8908,ghalvorsenjf@blogtalkradio.com
701,18,"Oralie de Verson","7 Acker Road",563-961-6760,odejg@symantec.com
702,20,"Meara Wogan","66 Onsgard Court",100-217-7564,mwoganjh@columbia.edu
703,4,"Algernon Lote","7 Del Mar Road",673-636-6573,aloteji@microsoft.com
704,3,"Ulysses Posten","4 Florence Crossing",974-407-6040,upostenjj@1688.com
705,2,"Lara Larciere","5523 Forest Street",857-704-0577,llarcierejk@washingtonpost.com
706,20,"Walt Liggens","18 Mendota Pass",461-133-3459,wliggensjl@craigslist.org
707,17,"Darwin Donovan","81 Morrow Point",845-190-0386,ddonovanjm@instagram.com
708,17,"Benetta Coulthart","5110 Almo Circle",132-649-6795,bcoulthartjn@youku.com
709,4,"Annecorinne Bevens","85315 Vera Drive",188-921-9314,abevensjo@sourceforge.net
710,19,"May Atyeo","372 Sauthoff Alley",841-825-8668,matyeojp@jigsy.com
711,1,"Koren Sabati","19 Boyd Lane",578-718-1993,ksabatijq@baidu.com
712,29,"Dwain Staley","17 Eastlawn Parkway",107-158-6097,dstaleyjr@dagondesign.com
713,19,"Noelyn Le feuvre","37 Spaight Way",623-682-5314,nlejs@cocolog-nifty.com
714,26,"Packston Grosvenor","3 Forster Way",907-504-4505,pgrosvenorjt@smh.com.au
715,23,"Chelsea Glasgow","64223 Westridge Hill",429-609-5464,cglasgowju@fc2.com
716,2,"Ebonee Erett","81745 Michigan Plaza",632-747-4966,eerettjv@comsenz.com
717,17,"Lorrie Rathmell","46 Meadow Vale Street",556-414-5428,lrathmelljw@blogtalkradio.com
718,25,"Tasha Winborn","599 Bonner Point",701-743-7812,twinbornjx@prlog.org
719,13,"Nicolea Khosa","2 Northridge Terrace",650-605-1323,nkhosajy@uiuc.edu
720,19,"Sigismondo Coalburn","2 Trailsway Avenue",211-792-2052,scoalburnjz@reuters.com
721,12,"Aurilia Atyea","703 Lakewood Gardens Park",358-172-0623,aatyeak0@list-manage.com
722,22,"Belinda Franses","963 Scofield Point",932-218-8269,bfransesk1@list-manage.com
723,14,"Todd Paireman","34643 Bultman Court",952-884-7903,tpairemank2@techcrunch.com
724,28,"Tate O'Glassane","144 Cherokee Alley",637-842-8786,toglassanek3@harvard.edu
725,4,"Basile Zupone","1 Rusk Trail",754-915-6129,bzuponek4@answers.com
726,15,"Alexio Towle","6608 Delaware Hill",498-354-3190,atowlek5@nytimes.com
727,10,"Zack O'Shaughnessy","003 Grover Pass",900-304-1997,zoshaughnessyk6@aol.com
728,22,"Perice Sedgeworth","429 Sauthoff Terrace",488-811-3430,psedgeworthk7@jalbum.net
729,22,"Fancy Moreinu","6696 Starling Way",878-558-6149,fmoreinuk8@archive.org
730,22,"Andie Radenhurst","59 Meadow Valley Trail",901-890-2483,aradenhurstk9@hexun.com
731,26,"Lucia Gaynes","79 Hintze Street",867-603-3962,lgayneska@geocities.com
732,14,"Dana Jan","5925 Walton Point",891-461-2190,djankb@scribd.com
733,22,"Jackquelin Ferschke","82 Westridge Crossing",446-222-2671,jferschkekc@sphinn.com
734,25,"Monro Wayman","1579 Prentice Parkway",311-748-8143,mwaymankd@blogtalkradio.com
735,2,"Barnie Couttes","89646 Mockingbird Way",608-902-6627,bcoutteske@unesco.org
736,8,"Swen Insall","6 Canary Circle",318-528-3294,sinsallkf@uol.com.br
737,28,"Kerry Eginton","6 Butternut Terrace",536-412-9103,kegintonkg@alexa.com
738,24,"Darren Raecroft","7 Transport Drive",340-694-9203,draecroftkh@cyberchimps.com
739,2,"Whitby Colnett","6 Old Shore Crossing",955-670-9069,wcolnettki@pen.io
740,11,"Willetta Spellward","26 Farwell Road",955-863-9262,wspellwardkj@tripod.com
741,12,"Marlane Couchman","8 Darwin Drive",147-731-5710,mcouchmankk@goo.ne.jp
742,20,"Lenette McCathie","11720 Gina Alley",705-389-0218,lmccathiekl@dot.gov
743,21,"Kippy Hastie","93 Donald Junction",525-607-6489,khastiekm@vimeo.com
744,18,"Ronnie Flacknoe","3035 Mccormick Court",635-109-6318,rflacknoekn@nps.gov
745,13,"Dale Woodcroft","7558 Claremont Crossing",690-748-5438,dwoodcroftko@livejournal.com
746,6,"Armin Plaster","5322 West Pass",145-874-4236,aplasterkp@examiner.com
747,3,"Christie Outram","277 Cottonwood Place",170-891-9845,coutramkq@wsj.com
748,12,"Madge Olding","62 Spenser Alley",153-526-3484,moldingkr@paypal.com
749,18,"Donal Dilleston","432 Warrior Pass",700-204-8168,ddillestonks@ustream.tv
750,20,"Rey Littlejohn","044 Mariners Cove Street",581-312-4413,rlittlejohnkt@ycombinator.com
751,30,"Inge Reichelt","374 Garrison Street",300-707-9392,ireicheltku@i2i.jp
752,15,"Adore Thunnercliffe","70562 Lukken Street",327-555-2511,athunnercliffekv@who.int
753,13,"Court Craker","6 Sachtjen Hill",437-673-3956,ccrakerkw@spotify.com
754,4,"Eloise Mattussevich","637 Farwell Court",957-423-7196,emattussevichkx@ovh.net
755,9,"Leisha Trotman","1 Oneill Plaza",980-611-6472,ltrotmanky@vinaora.com
756,9,"Aliza Lavrick","694 Gina Center",954-895-3715,alavrickkz@ucla.edu
757,27,"Amalie Pomeroy","45482 Welch Pass",838-259-8862,apomeroyl0@indiatimes.com
758,26,"Celestina Rattenbury","31572 Pearson Crossing",900-784-5901,crattenburyl1@washingtonpost.com
759,30,"Nikolai Saltrese","5 Vernon Way",871-263-1161,nsaltresel2@europa.eu
760,13,"Matty Voice","06 Ridgeway Terrace",816-911-6488,mvoicel3@dropbox.com
761,13,"Gayle Mansford","95 Jay Street",745-513-4932,gmansfordl4@issuu.com
762,24,"Mariel Khrishtafovich","7 Jenna Pass",756-653-4937,mkhrishtafovichl5@whitehouse.gov
763,29,"Malynda McCobb","01607 Judy Alley",452-335-4417,mmccobbl6@fastcompany.com
764,7,"Kizzee Ezzle","76686 Di Loreto Circle",894-654-0642,kezzlel7@dell.com
765,4,"Emilee Cossey","82 Tennyson Pass",702-818-2602,ecosseyl8@dmoz.org
766,13,"Bell Canny","1 American Junction",198-763-7634,bcannyl9@marketwatch.com
767,29,"Hendrika Morland","71 Oak Court",285-887-9191,hmorlandla@blinklist.com
768,23,"Dev O'Dooghaine","3009 Cambridge Way",175-941-8901,dodooghainelb@xrea.com
769,22,"Budd Buff","9764 Thompson Trail",612-873-2603,bbufflc@themeforest.net
770,26,"Pam Capell","08631 Fremont Hill",330-696-3001,pcapellld@seesaa.net
771,6,"Livvyy Wyss","355 Longview Junction",523-728-9890,lwyssle@google.it
772,2,"Dav Spohr","45 Judy Center",804-168-7903,dspohrlf@diigo.com
773,25,"Doris Luton","61 Talmadge Circle",220-453-1306,dlutonlg@cpanel.net
774,27,"Bjorn Kunzelmann","63 Stuart Drive",482-286-8822,bkunzelmannlh@tinypic.com
775,5,"Stanleigh Couttes","7630 Corscot Drive",565-824-9951,scouttesli@mit.edu
776,11,"Grace Mattioli","10830 Messerschmidt Center",994-988-6603,gmattiolilj@washingtonpost.com
777,24,"Travis Oakhill","94769 Grover Trail",648-978-7356,toakhilllk@people.com.cn
778,18,"Hannis Leverett","37774 Badeau Street",265-985-9268,hleverettll@uol.com.br
779,14,"Karylin Reightley","851 Cherokee Trail",512-856-5726,kreightleylm@quantcast.com
780,25,"Rorke Kelland","7 Dunning Park",567-242-7417,rkellandln@odnoklassniki.ru
781,26,"Mellisa Waltering","977 Roxbury Way",729-943-7819,mwalteringlo@google.com
782,15,"Diana Griffitts","446 Ohio Alley",809-430-8213,dgriffittslp@earthlink.net
783,22,"Cassandre Reveland","800 Almo Parkway",284-284-0277,crevelandlq@theguardian.com
784,19,"Delcina Shory","31363 Northport Terrace",717-874-2091,dshorylr@naver.com
785,5,"Corine Heister","825 Nancy Junction",938-864-9323,cheisterls@whitehouse.gov
786,12,"Colene Sterry","968 Aberg Park",831-274-9660,csterrylt@nhs.uk
787,2,"Gisela Matiebe","5 Montana Hill",713-718-7874,gmatiebelu@earthlink.net
788,5,"Madelin Meegin","892 Sunnyside Junction",421-816-0162,mmeeginlv@gizmodo.com
789,12,"Bartel Greiser","9367 Lakewood Place",808-935-8715,bgreiserlw@gizmodo.com
790,27,"Glenda Bristow","8 Dwight Place",563-933-5181,gbristowlx@jalbum.net
791,12,"Aldis Casford","5 Hermina Trail",571-516-9178,acasfordly@wunderground.com
792,9,"Gaston Finker","5373 Bonner Point",621-472-7726,gfinkerlz@xinhuanet.com
793,9,"Travers Rowley","8 Westport Trail",454-944-3956,trowleym0@ow.ly
794,9,"Ario Vanacci","762 Debra Plaza",342-851-8821,avanaccim1@wikimedia.org
795,4,"Netty Bucksey","3427 Sundown Street",214-302-4370,nbuckseym2@mlb.com
796,30,"Barde Gallimore","0795 Eagan Circle",203-512-8646,bgallimorem3@topsy.com
797,26,"Irita Murfett","923 Artisan Place",318-417-9029,imurfettm4@angelfire.com
798,6,"Putnem Pawelec","33322 Del Sol Alley",446-877-0508,ppawelecm5@tiny.cc
799,13,"Cherri Rollings","1 Crownhardt Park",570-613-9142,crollingsm6@google.es
800,22,"Danika Matzl","6 5th Lane",210-176-6658,dmatzlm7@posterous.com
801,18,"Inez Keedy","11164 Fallview Parkway",707-564-1106,ikeedym8@mapy.cz
802,19,"Valida Westmancoat","170 Lawn Park",163-429-5317,vwestmancoatm9@blogspot.com
803,7,"Gabe Allsobrook","189 Tony Trail",979-324-4025,gallsobrookma@shinystat.com
804,4,"Marlin Rowesby","54478 Northfield Road",425-103-0417,mrowesbymb@uiuc.edu
805,13,"Perrine Tulleth","0884 Jackson Parkway",719-117-1905,ptullethmc@sohu.com
806,7,"Celle Sayre","81235 Prentice Park",102-231-6360,csayremd@bloglovin.com
807,25,"Giovanna Goodright","8 Colorado Point",856-612-3875,ggoodrightme@yale.edu
808,1,"Raynor Opfer","3 Melrose Junction",624-467-0950,ropfermf@wiley.com
809,25,"Morissa Jarad","9547 Manufacturers Road",184-736-2557,mjaradmg@cnbc.com
810,17,"Sergio Dummigan","87 Norway Maple Terrace",601-414-0135,sdummiganmh@utexas.edu
811,14,"Worthington Pods","2 Moulton Street",241-363-3842,wpodsmi@senate.gov
812,10,"Tani Silverthorne","6104 Crowley Alley",405-232-3228,tsilverthornemj@ebay.com
813,9,"Amii Pearn","85338 Old Gate Street",956-239-6909,apearnmk@tiny.cc
814,19,"Henryetta Child","5 Meadow Valley Alley",194-746-6420,hchildml@example.com
815,10,"Torey Cassey","91544 Bonner Court",773-724-3633,tcasseymm@mit.edu
816,15,"Mel Glencrash","7 Parkside Avenue",381-196-4110,mglencrashmn@dmoz.org
817,2,"Marena McGrowther","88 Susan Place",853-719-7557,mmcgrowthermo@cdbaby.com
818,20,"Marji Pirson","0 Summit Avenue",259-527-5812,mpirsonmp@icq.com
819,20,"Falkner Vause","7 Rutledge Trail",422-541-1897,fvausemq@clickbank.net
820,24,"Florina Isaaksohn","636 High Crossing Drive",773-422-9209,fisaaksohnmr@deviantart.com
821,3,"Idette Crush","7 Melody Court",568-697-3476,icrushms@msn.com
822,30,"Jocko Breitler","94 Anthes Plaza",535-193-5877,jbreitlermt@indiegogo.com
823,22,"Spenser Brettelle","139 Dexter Trail",596-525-9582,sbrettellemu@usnews.com
824,23,"Wilfred Wade","36199 Summerview Circle",936-906-6270,wwademv@house.gov
825,25,"Townie Adams","426 Reinke Pass",646-333-9861,tadamsmw@alexa.com
826,16,"Rozele Pocklington","954 Morrow Park",668-742-5729,rpocklingtonmx@indiatimes.com
827,1,"Krystal Sincock","9 Sauthoff Street",238-881-1515,ksincockmy@businessinsider.com
828,22,"Venita Bownass","1 Norway Maple Drive",637-610-4475,vbownassmz@utexas.edu
829,23,"Sidnee Sedgeman","734 Talisman Place",930-411-2874,ssedgemann0@deviantart.com
830,27,"Eloisa Cambell","2048 Buena Vista Park",426-942-3029,ecambelln1@sciencedirect.com
831,24,"Donnie Oseland","05466 American Way",594-604-2583,doselandn2@forbes.com
832,4,"Ivie Cunney","396 Fisk Way",344-614-0212,icunneyn3@mozilla.com
833,24,"Uri Warr","41 Pierstorff Way",505-453-9069,uwarrn4@google.com.au
834,2,"Alecia Edison","61909 Forest Run Terrace",569-323-2789,aedisonn5@ox.ac.uk
835,1,"Myrah De Biaggi","332 Helena Lane",526-620-6353,mden6@baidu.com
836,7,"Blaine Ballantyne","02 Rieder Alley",398-309-8310,bballantynen7@fotki.com
837,24,"Marie Tamas","11368 American Ash Circle",541-786-0560,mtamasn8@wordpress.org
838,14,"Avery Bentsen","5646 Veith Center",426-377-4701,abentsenn9@cbslocal.com
839,2,"Richart Gavagan","051 Katie Point",169-261-6398,rgavaganna@lycos.com
840,3,"Tony Drable","939 Cottonwood Parkway",367-721-8778,tdrablenb@samsung.com
841,11,"Christan Jozwicki","71332 Burrows Way",469-272-4405,cjozwickinc@engadget.com
842,26,"Wang Van den Velden","6 Summit Lane",701-956-4382,wvannd@senate.gov
843,29,"Fredrick Muzzi","3537 Elka Lane",671-306-9233,fmuzzine@walmart.com
844,13,"Isa Domican","9 Killdeer Pass",453-709-1167,idomicannf@exblog.jp
845,30,"Kristi Labin","29 Caliangt Junction",827-899-5148,klabinng@ucoz.com
846,28,"Conchita Thickin","7 Glendale Drive",143-346-5248,cthickinnh@intel.com
847,7,"Klarrisa Wolford","74 Nobel Avenue",437-590-8662,kwolfordni@123-reg.co.uk
848,15,"Davine Chaise","8 Del Mar Alley",306-613-5102,dchaisenj@harvard.edu
849,6,"Robb Bebbell","619 Cardinal Junction",967-206-8411,rbebbellnk@reference.com
850,30,"Frankie Johantges","84461 Merry Road",408-877-5528,fjohantgesnl@wikispaces.com
851,3,"Laurice Keeler","0620 Hooker Point",695-180-9405,lkeelernm@narod.ru
852,19,"Bobbette Reubens","1486 Gina Court",978-945-7401,breubensnn@berkeley.edu
853,5,"Benji Kocher","3351 Brown Street",113-143-6827,bkocherno@mashable.com
854,3,"Natividad Addeycott","844 Brown Alley",134-544-8064,naddeycottnp@prlog.org
855,10,"Konstance Hefford","438 Montana Plaza",638-682-7917,kheffordnq@eventbrite.com
856,30,"Rozamond Tunna","3642 Sullivan Junction",566-964-2753,rtunnanr@ibm.com
857,24,"Muhammad Bradneck","0898 Prairieview Place",427-775-9266,mbradneckns@upenn.edu
858,13,"Vivi Townshend","25 Rieder Plaza",910-267-8811,vtownshendnt@harvard.edu
859,1,"Mirelle de Courcy","43 Westerfield Alley",383-306-2308,mdenu@aboutads.info
860,30,"Ami Kerr","6 Marquette Court",606-970-3819,akerrnv@tripadvisor.com
861,16,"Kirby Lucus","55 Golf Course Alley",577-929-0692,klucusnw@flickr.com
862,24,"Currey Allchorne","7 Magdeline Hill",356-608-5706,callchornenx@rakuten.co.jp
863,11,"Hill Coxhead","35 Farragut Road",961-121-3601,hcoxheadny@bloomberg.com
864,24,"Jens Ostick","357 Debra Trail",255-246-3560,josticknz@ox.ac.uk
865,14,"Hugh Purselow","8 Emmet Junction",192-747-5495,hpurselowo0@gizmodo.com
866,23,"Keene Shadrach","02 Westport Drive",766-794-5622,kshadracho1@moonfruit.com
867,3,"Timmy Switsur","0 Fuller Trail",688-133-2963,tswitsuro2@nydailynews.com
868,24,"Ron Spatari","9605 Westerfield Hill",864-405-7719,rspatario3@cnn.com
869,14,"Aldwin Newlyn","73258 Moland Court",595-178-0878,anewlyno4@tumblr.com
870,19,"Brear Fritzer","23259 Carberry Way",260-198-5357,bfritzero5@e-recht24.de
871,13,"Hyatt Ameer-Beg","566 Rusk Pass",598-616-0093,hameerbego6@nhs.uk
872,19,"Norah Toulson","21 Victoria Junction",172-995-1811,ntoulsono7@europa.eu
873,26,"Neron Totton","2 Daystar Pass",184-211-9442,ntottono8@vistaprint.com
874,9,"Jere Siberry","52136 Stuart Trail",945-323-1202,jsiberryo9@php.net
875,7,"Rip De Cruce","6916 Sunbrook Junction",679-913-0861,rdeoa@globo.com
876,7,"Dmitri Goodlife","040 Manitowish Avenue",714-244-1967,dgoodlifeob@goo.ne.jp
877,15,"Susanetta Symondson","59933 Carberry Hill",914-290-7026,ssymondsonoc@prweb.com
878,28,"Hyacinthie Stothard","7515 Nevada Junction",641-436-2994,hstothardod@networkadvertising.org
879,1,"Vivi Sheere","08012 Brickson Park Pass",922-595-1972,vsheereoe@wunderground.com
880,13,"Veronike Sivess","3541 Onsgard Parkway",542-700-8354,vsivessof@tinyurl.com
881,15,"Welsh Lowdham","1518 Cardinal Avenue",803-172-8437,wlowdhamog@uol.com.br
882,8,"Amandy Vasyutochkin","2790 Crowley Street",239-460-4573,avasyutochkinoh@tamu.edu
883,30,"Adiana Seabright","7 Kim Terrace",932-645-6050,aseabrightoi@hhs.gov
884,21,"Gustav Hawkeridge","3962 North Avenue",263-736-5525,ghawkeridgeoj@msu.edu
885,16,"Marga Milton-White","48 Clove Circle",340-256-8433,mmiltonwhiteok@aol.com
886,30,"Sheeree Guyer","6 Kensington Trail",125-828-9161,sguyerol@wired.com
887,30,"Felicity Muckley","12447 Welch Point",341-868-4150,fmuckleyom@ted.com
888,7,"Dorry Redemile","43 Banding Pass",718-678-5906,dredemileon@tripadvisor.com
889,29,"Thoma Venturoli","52041 Judy Drive",171-299-7392,tventurolioo@census.gov
890,23,"Leroi Springford","79 Forest Dale Center",386-592-7305,lspringfordop@whitehouse.gov
891,17,"Mei Yeandel","5 Washington Alley",582-296-2782,myeandeloq@unblog.fr
892,13,"Ted Setchfield","9 Merrick Park",159-528-8792,tsetchfieldor@ucla.edu
893,13,"Hynda Webermann","3 Butternut Parkway",150-837-6081,hwebermannos@free.fr
894,14,"Lennard Morfett","9807 Drewry Plaza",571-308-7565,lmorfettot@youku.com
895,7,"Idette Gaitone","8 Artisan Drive",889-576-3979,igaitoneou@wordpress.org
896,21,"Rudolfo Parmenter","76 Steensland Alley",309-373-5206,rparmenterov@reuters.com
897,30,"Diane-marie Bessom","07471 Hayes Crossing",261-734-2223,dbessomow@ox.ac.uk
898,13,"Tisha Dulson","9 Thompson Parkway",495-593-1157,tdulsonox@umn.edu
899,13,"Carny Conti","15 Golf Course Point",624-446-1038,ccontioy@cnet.com
900,7,"Josey O'Doran","7465 Pearson Point",204-643-8276,jodoranoz@hostgator.com
901,25,"Norrie Matyushkin","3 Scofield Plaza",747-886-8741,nmatyushkinp0@stumbleupon.com
902,4,"Anallise Louth","40 Leroy Plaza",418-451-0038,alouthp1@goo.gl
903,26,"Carol Shakelady","10460 Scoville Place",347-239-9744,cshakeladyp2@imdb.com
904,10,"Blaire Loadman","96 Forest Center",122-936-2994,bloadmanp3@de.vu
905,15,"Venus Byard","4812 Stang Point",115-839-0245,vbyardp4@paypal.com
906,15,"Demeter Tilley","07 Bunting Point",937-407-2075,dtilleyp5@hubpages.com
907,15,"Kamillah Hainning","75 New Castle Road",246-740-1998,khainningp6@pinterest.com
908,17,"Morganica Glancey","42517 Kensington Plaza",619-697-1554,mglanceyp7@phpbb.com
909,12,"Maressa Standen","56 Clarendon Terrace",224-787-4747,mstandenp8@4shared.com
910,15,"Alyosha Loynton","9 Surrey Court",756-172-8920,aloyntonp9@mail.ru
911,13,"Clarissa Damsell","80 7th Crossing",619-605-4646,cdamsellpa@dropbox.com
912,15,"Aluino Euplate","33 Tony Point",272-747-8627,aeuplatepb@hatena.ne.jp
913,20,"Elbert Lathleiffure","81035 Jay Lane",922-930-1338,elathleiffurepc@themeforest.net
914,25,"Conrade Vickress","04807 Glendale Pass",618-491-5747,cvickresspd@miibeian.gov.cn
915,7,"Kathleen Robun","75610 Eagle Crest Drive",715-126-7495,krobunpe@nature.com
916,27,"Valene Geerdts","89647 Kingsford Drive",341-897-1507,vgeerdtspf@themeforest.net
917,10,"Karrie Erskine","3915 Sauthoff Point",321-581-4165,kerskinepg@dyndns.org
918,15,"Babara Palatini","32273 Fisk Crossing",649-842-2674,bpalatiniph@sogou.com
919,26,"Ariela Staley","888 Becker Trail",915-752-2514,astaleypi@geocities.jp
920,15,"Dixie Worswick","8487 Blaine Avenue",970-108-6661,dworswickpj@umn.edu
921,13,"Ailis Lindberg","7 Hayes Place",695-661-0177,alindbergpk@eepurl.com
922,5,"Sid Coate","598 Blue Bill Park Alley",377-298-0346,scoatepl@cdc.gov
923,15,"Shoshanna Everall","253 Grayhawk Circle",786-451-2412,severallpm@stanford.edu
924,10,"Tod Godlip","9 Becker Terrace",166-541-8057,tgodlippn@smugmug.com
925,15,"Nanni Chevers","3849 Meadow Ridge Parkway",515-171-0503,ncheverspo@noaa.gov
926,9,"Patsy Ilyenko","5527 Moulton Terrace",816-937-0489,pilyenkopp@washingtonpost.com
927,19,"Galven Whittam","69630 Utah Way",407-620-0771,gwhittampq@boston.com
928,18,"Kevin Pettet","95 Blackbird Parkway",220-975-0308,kpettetpr@nps.gov
929,8,"Devonne Coare","40418 Banding Road",244-142-4785,dcoareps@dropbox.com
930,16,"Danyette Wolfindale","8077 Arrowood Place",735-268-2499,dwolfindalept@miibeian.gov.cn
931,20,"Rowney Wegner","7604 Lindbergh Hill",815-142-5536,rwegnerpu@auda.org.au
932,28,"Staci Halahan","91 Russell Lane",507-877-7221,shalahanpv@edublogs.org
933,25,"Iona Tash","8 Hermina Park",522-761-2406,itashpw@hubpages.com
934,9,"Dasya Elbourne","791 Grim Hill",381-934-1707,delbournepx@phpbb.com
935,26,"Andrey McGilleghole","895 Maple Wood Trail",578-891-5372,amcgillegholepy@vk.com
936,5,"Olia Langelay","6 Walton Hill",573-660-4200,olangelaypz@engadget.com
937,15,"Sioux Griffey","44 Thierer Parkway",792-942-7253,sgriffeyq0@sun.com
938,1,"Keefe Rodwell","9461 Mayer Place",862-702-5056,krodwellq1@altervista.org
939,20,"Reade O'Farris","84126 Knutson Circle",551-760-4089,rofarrisq2@shareasale.com
940,1,"Joane Meace","29 Sachs Way",345-224-7631,jmeaceq3@epa.gov
941,10,"Dulci MacTerrelly","51 Macpherson Trail",546-927-1106,dmacterrellyq4@msn.com
942,3,"Mallory Duligal","70 Darwin Lane",897-286-2289,mduligalq5@feedburner.com
943,6,"Zorina Reuben","75749 Londonderry Terrace",277-454-0544,zreubenq6@histats.com
944,20,"Bliss Pennycook","7288 Corscot Parkway",798-681-8219,bpennycookq7@over-blog.com
945,16,"Kingsley Pretor","35926 Hauk Court",793-374-4753,kpretorq8@prlog.org
946,6,"Peria Spiteri","453 2nd Alley",503-983-2998,pspiteriq9@gov.uk
947,22,"Tiff Indge","9793 Blaine Place",646-324-3124,tindgeqa@oracle.com
948,11,"Wilton Minto","6 Helena Crossing",296-763-5878,wmintoqb@businesswire.com
949,13,"Shepard Spires","7836 Hoffman Terrace",814-155-1731,sspiresqc@uol.com.br
950,6,"Tammie Temby","77 Union Court",182-661-2771,ttembyqd@sphinn.com
951,15,"Edward Aberdeen","71478 Lighthouse Bay Park",759-508-5420,eaberdeenqe@spiegel.de
952,9,"Denyse Minall","29619 7th Terrace",786-716-1128,dminallqf@wikipedia.org
953,1,"Evie Blaxland","76 Debs Terrace",170-447-7566,eblaxlandqg@cbsnews.com
954,10,"Berry Leeuwerink","6982 Anthes Crossing",464-475-6266,bleeuwerinkqh@who.int
955,5,"Hastings Casillas","129 Portage Pass",172-713-7091,hcasillasqi@nps.gov
956,8,"Gallagher Panter","93 North Point",988-532-5779,gpanterqj@baidu.com
957,17,"Celisse Orford","107 Sutherland Junction",281-528-0196,corfordqk@jugem.jp
958,30,"Cary Mcwhinney","4 La Follette Drive",868-201-3366,cmcwhinneyql@trellian.com
959,21,"Antin Fiddymont","5 Milwaukee Circle",862-153-1303,afiddymontqm@europa.eu
960,12,"Noel Lorne","27363 Sauthoff Crossing",320-194-6829,nlorneqn@tumblr.com
961,3,"Ralph Cunah","56937 Sheridan Avenue",850-494-0827,rcunahqo@sciencedirect.com
962,27,"Tawnya Cottem","91 Debs Trail",847-467-4532,tcottemqp@state.tx.us
963,5,"Renell Peskin","59492 Gale Circle",193-581-8171,rpeskinqq@surveymonkey.com
964,18,"Jayne Kantor","73 Corscot Crossing",643-672-6624,jkantorqr@arizona.edu
965,6,"Myriam Hurl","40371 Sloan Park",565-844-2632,mhurlqs@cnbc.com
966,4,"Bat Loyd","61656 Heath Avenue",715-411-0120,bloydqt@biglobe.ne.jp
967,19,"Hadrian Lynes","24452 Lawn Trail",229-253-3302,hlynesqu@weebly.com
968,17,"Corry Gethings","186 Saint Paul Alley",700-983-0844,cgethingsqv@indiatimes.com
969,30,"Michelle Keppin","978 Bunting Avenue",680-795-2960,mkeppinqw@xing.com
970,2,"Anne-marie Creany","7 Morning Hill",443-209-5969,acreanyqx@naver.com
971,8,"Basilio Vicary","28 Grim Pass",105-839-3613,bvicaryqy@stanford.edu
972,25,"Bartie Kelson","8187 Packers Crossing",147-778-3635,bkelsonqz@google.cn
973,11,"Imojean Files","1720 Rigney Lane",559-586-1331,ifilesr0@t-online.de
974,16,"Bret Kopelman","1 Schiller Place",555-244-1509,bkopelmanr1@archive.org
975,20,"Farr Fauguel","444 Lake View Lane",396-760-2015,ffauguelr2@cafepress.com
976,25,"Jenine Este","285 Sunfield Circle",864-249-8555,jester3@berkeley.edu
977,27,"Matty MacCart","31 Saint Paul Parkway",656-655-0881,mmaccartr4@yelp.com
978,24,"Phyllys Falvey","191 Norway Maple Parkway",862-753-5572,pfalveyr5@people.com.cn
979,5,"Tommy Giovannoni","8887 Delladonna Street",684-141-1685,tgiovannonir6@google.fr
980,27,"Kay Summerhayes","22 Erie Court",795-476-5084,ksummerhayesr7@rakuten.co.jp
981,1,"Brit Crux","6 Thompson Parkway",788-798-0665,bcruxr8@blogs.com
982,13,"Karl Ollenbuttel","9 Schmedeman Alley",578-572-1649,kollenbuttelr9@cdbaby.com
983,20,"Laura Beat","22459 Barnett Avenue",790-629-6334,lbeatra@bloglovin.com
984,1,"Carri Brammall","8 Sunbrook Point",420-960-4236,cbrammallrb@washington.edu
985,8,"Tadeas Middleton","01201 4th Terrace",226-478-3383,tmiddletonrc@xinhuanet.com
986,18,"Abbott Puckey","9 Anthes Circle",862-314-1056,apuckeyrd@liveinternet.ru
987,17,"Rabbi Sommerville","9278 Vidon Trail",186-598-5458,rsommervillere@ow.ly
988,9,"Silvan Belchem","7695 Rowland Point",626-203-3335,sbelchemrf@pagesperso-orange.fr
989,27,"Fae Filipputti","8 Hoepker Street",524-469-5367,ffilipputtirg@ucoz.ru
990,26,"Edd Jeffreys","448 Springview Trail",862-456-3590,ejeffreysrh@soup.io
991,4,"Maire Bwy","03535 Rockefeller Terrace",217-281-2544,mbwyri@accuweather.com
992,20,"Johnathon Shelly","320 Westend Way",465-193-2722,jshellyrj@ucla.edu
993,11,"Shellie Pakeman","079 Forest Run Plaza",392-349-8720,spakemanrk@guardian.co.uk
994,2,"Bernette Heliet","823 Luster Alley",211-199-3555,bhelietrl@unblog.fr
995,14,"Jilleen Voase","428 High Crossing Terrace",137-961-8355,jvoaserm@skyrock.com
996,10,"Verge Greenough","7106 Autumn Leaf Avenue",127-461-7788,vgreenoughrn@amazon.co.uk
997,22,"Antonie Sherme","39089 Sauthoff Lane",672-254-2195,ashermero@icq.com
998,3,"Judy Realy","61 Sauthoff Trail",194-600-3491,jrealyrp@surveymonkey.com
999,28,"Celesta Cowhig","12 Farmco Avenue",235-854-6648,ccowhigrq@tumblr.com
1000,30,"Phedra Lamberti","1 Caliangt Terrace",676-737-6091,plambertirr@state.tx.us
1002,2,Alice,"Hanoi Vietnam",699-768-7759,alice.@vnpt.vn
